exercicio,periodo,relatorio,co_ibge,instituicao,uf,conta,valor,simplificado
2019,3,RGF-UF,25,GOVERNO DO ESTADO DA PARAIBA,PB,DÍVIDA CONSOLIDADA,4472371957.48,False
2019,3,RGF-UF,25,GOVERNO DO ESTADO DA PARAIBA,PB,Empréstimos,593104033.66,False
2019,3,RGF-UF,25,GOVERNO DO ESTADO DA PARAIBA,PB,Precatórios (inclusive) Vencidos e Não Pagos,1960442267.04,False
2019,3,RGF-UF,25,GOVERNO DO ESTADO DA PARAIBA,PB,Disponibilidade de Caixa,1812508929.22,False
2019,3,RGF-UF,25,GOVERNO DO ESTADO DA PARAIBA,PB,Disponibilidade de Caixa Bruta,1982821265.25,False
2019,3,RGF-UF,25,GOVERNO DO ESTADO DA PARAIBA,PB,DÍVIDA CONSOLIDADA LÍQUIDA,2382452799.0,False
2024,3,RGF-UF,28,GOVERNO DO ESTADO DE SERGIPE,SE,DÍVIDA CONSOLIDADA,5289302653.36,False
2024,3,RGF-UF,28,GOVERNO DO ESTADO DE SERGIPE,SE,Parcelamento e Renegociação de Dívidas,69665977.65,False
2024,3,RGF-UF,28,GOVERNO DO ESTADO DE SERGIPE,SE,Precatórios (inclusive) Vencidos e Não Pagos,1536360002.21,False
2024,3,RGF-UF,28,GOVERNO DO ESTADO DE SERGIPE,SE,Disponibilidade de Caixa,2556761524.46,False
2024,3,RGF-UF,28,GOVERNO DO ESTADO DE SERGIPE,SE,Disponibilidade de Caixa Bruta,3321506398.09,False
2024,3,RGF-UF,28,GOVERNO DO ESTADO DE SERGIPE,SE,DÍVIDA CONSOLIDADA LÍQUIDA,1764039149.17,False
2024,3,RGF-UF,28,GOVERNO DO ESTADO DE SERGIPE,SE,RECEITA CORRENTE LÍQUIDA,15308466568.23,False
2024,3,RGF-UF,28,GOVERNO DO ESTADO DE SERGIPE,SE,RECEITA CORRENTE LÍQUIDA AJUSTADA,15258932091.23,False
2024,3,RGF-UF,28,GOVERNO DO ESTADO DE SERGIPE,SE,% da DC sobre a RCL AJUSTADA,34.66,False
2024,3,RGF-UF,28,GOVERNO DO ESTADO DE SERGIPE,SE,% da DCL sobre a RCL AJUSTADA,11.56,False
2024,3,RGF-UF,28,GOVERNO DO ESTADO DE SERGIPE,SE,Precatórios (Não incluídos na DC),207951919.86,False
2024,3,RGF-UF,21,GOVERNO DO ESTADO DO MARANHAO,MA,DÍVIDA CONSOLIDADA,5893676264.29,False
2024,3,RGF-UF,21,GOVERNO DO ESTADO DO MARANHAO,MA,Empréstimos,2784519403.73,False
2024,3,RGF-UF,21,GOVERNO DO ESTADO DO MARANHAO,MA,Precatórios (inclusive) Vencidos e Não Pagos,2091639261.07,False
2024,3,RGF-UF,21,GOVERNO DO ESTADO DO MARANHAO,MA,Disponibilidade de Caixa,4999491190.33,False
2024,3,RGF-UF,21,GOVERNO DO ESTADO DO MARANHAO,MA,Disponibilidade de Caixa Bruta,6938236621.75,False
2024,3,RGF-UF,21,GOVERNO DO ESTADO DO MARANHAO,MA,DÍVIDA CONSOLIDADA LÍQUIDA,893355845.36,False
2024,3,RGF-UF,21,GOVERNO DO ESTADO DO MARANHAO,MA,RECEITA CORRENTE LÍQUIDA,29586751705.73,False
2024,3,RGF-UF,21,GOVERNO DO ESTADO DO MARANHAO,MA,RECEITA CORRENTE LÍQUIDA AJUSTADA,29530663124.73,False
2024,3,RGF-UF,21,GOVERNO DO ESTADO DO MARANHAO,MA,% da DC sobre a RCL AJUSTADA,19.96,False
2024,3,RGF-UF,21,GOVERNO DO ESTADO DO MARANHAO,MA,% da DCL sobre a RCL AJUSTADA,3.03,False
2024,3,RGF-UF,21,GOVERNO DO ESTADO DO MARANHAO,MA,Precatórios (Não incluídos na DC),69052.44,False
2023,3,RGF-UF,24,GOVERNO DO ESTADO DO RIO GRANDE DO NORTE,RN,DÍVIDA CONSOLIDADA,4452045566.5,False
2023,3,RGF-UF,24,GOVERNO DO ESTADO DO RIO GRANDE DO NORTE,RN,Empréstimos,2005207251.09,False
2023,3,RGF-UF,24,GOVERNO DO ESTADO DO RIO GRANDE DO NORTE,RN,Parcelamento e Renegociação de Dívidas,229592774.0,False
2023,3,RGF-UF,24,GOVERNO DO ESTADO DO RIO GRANDE DO NORTE,RN,Precatórios (inclusive) Vencidos e Não Pagos,1556970669.16,False
2023,3,RGF-UF,24,GOVERNO DO ESTADO DO RIO GRANDE DO NORTE,RN,Disponibilidade de Caixa,81253723.59,False
2023,3,RGF-UF,24,GOVERNO DO ESTADO DO RIO GRANDE DO NORTE,RN,Disponibilidade de Caixa Bruta,1651757299.8,False
2023,3,RGF-UF,24,GOVERNO DO ESTADO DO RIO GRANDE DO NORTE,RN,DÍVIDA CONSOLIDADA LÍQUIDA,4101520827.02,False
2023,3,RGF-UF,24,GOVERNO DO ESTADO DO RIO GRANDE DO NORTE,RN,RECEITA CORRENTE LÍQUIDA,16215892205.45,False
2023,3,RGF-UF,24,GOVERNO DO ESTADO DO RIO GRANDE DO NORTE,RN,% da DC sobre a RCL AJUSTADA,27.5,False
2023,3,RGF-UF,24,GOVERNO DO ESTADO DO RIO GRANDE DO NORTE,RN,% da DCL sobre a RCL AJUSTADA,25.33,False
2023,3,RGF-UF,24,GOVERNO DO ESTADO DO RIO GRANDE DO NORTE,RN,Precatórios (Não incluídos na DC),1590525119.48,False
2022,3,RGF-UF,26,GOVERNO DO ESTADO DE PERNAMBUCO,PE,DÍVIDA CONSOLIDADA,16857697286.11,False
2022,3,RGF-UF,26,GOVERNO DO ESTADO DE PERNAMBUCO,PE,Empréstimos,12805262368.59,False
2022,3,RGF-UF,26,GOVERNO DO ESTADO DE PERNAMBUCO,PE,Parcelamento e Renegociação de Dívidas,45737025.63,False
2022,3,RGF-UF,26,GOVERNO DO ESTADO DE PERNAMBUCO,PE,Precatórios (inclusive) Vencidos e Não Pagos,254902879.12,False
2022,3,RGF-UF,26,GOVERNO DO ESTADO DE PERNAMBUCO,PE,Disponibilidade de Caixa,3625094917.52,False
2022,3,RGF-UF,26,GOVERNO DO ESTADO DE PERNAMBUCO,PE,Disponibilidade de Caixa Bruta,6029199660.35,False
2022,3,RGF-UF,26,GOVERNO DO ESTADO DE PERNAMBUCO,PE,DÍVIDA CONSOLIDADA LÍQUIDA,12970167751.7,False
2022,3,RGF-UF,26,GOVERNO DO ESTADO DE PERNAMBUCO,PE,RECEITA CORRENTE LÍQUIDA,36722105248.87,False
2022,3,RGF-UF,26,GOVERNO DO ESTADO DE PERNAMBUCO,PE,% da DC sobre a RCL AJUSTADA,45.92,False
2022,3,RGF-UF,26,GOVERNO DO ESTADO DE PERNAMBUCO,PE,% da DCL sobre a RCL AJUSTADA,35.33,False
2021,3,RGF-UF,28,GOVERNO DO ESTADO DE SERGIPE,SE,DÍVIDA CONSOLIDADA,4695762275.12,False
2021,3,RGF-UF,28,GOVERNO DO ESTADO DE SERGIPE,SE,Parcelamento e Renegociação de Dívidas,84573885.31,False
2021,3,RGF-UF,28,GOVERNO DO ESTADO DE SERGIPE,SE,Precatórios (inclusive) Vencidos e Não Pagos,1359498867.36,False
2021,3,RGF-UF,28,GOVERNO DO ESTADO DE SERGIPE,SE,Disponibilidade de Caixa,1458797175.67,False
2021,3,RGF-UF,28,GOVERNO DO ESTADO DE SERGIPE,SE,Disponibilidade de Caixa Bruta,1466172652.23,False
2021,3,RGF-UF,28,GOVERNO DO ESTADO DE SERGIPE,SE,DÍVIDA CONSOLIDADA LÍQUIDA,2843275395.19,False
2021,3,RGF-UF,28,GOVERNO DO ESTADO DE SERGIPE,SE,RECEITA CORRENTE LÍQUIDA,9674448310.22,False
2021,3,RGF-UF,28,GOVERNO DO ESTADO DE SERGIPE,SE,% da DC sobre a RCL AJUSTADA,48.55,False
2021,3,RGF-UF,28,GOVERNO DO ESTADO DE SERGIPE,SE,% da DCL sobre a RCL AJUSTADA,29.4,False
2021,3,RGF-UF,28,GOVERNO DO ESTADO DE SERGIPE,SE,Precatórios (Não incluídos na DC),128142721.99,False
2021,3,RGF-UF,21,GOVERNO DO ESTADO DO MARANHAO,MA,DÍVIDA CONSOLIDADA,8367836466.31,False
2021,3,RGF-UF,21,GOVERNO DO ESTADO DO MARANHAO,MA,Empréstimos,5849431415.65,False
2021,3,RGF-UF,21,GOVERNO DO ESTADO DO MARANHAO,MA,Precatórios (inclusive) Vencidos e Não Pagos,1656482530.52,False
2021,3,RGF-UF,21,GOVERNO DO ESTADO DO MARANHAO,MA,Disponibilidade de Caixa,794898334.84,False
2021,3,RGF-UF,21,GOVERNO DO ESTADO DO MARANHAO,MA,Disponibilidade de Caixa Bruta,1700517564.29,False
2021,3,RGF-UF,21,GOVERNO DO ESTADO DO MARANHAO,MA,DÍVIDA CONSOLIDADA LÍQUIDA,7550852448.33,False
2021,3,RGF-UF,21,GOVERNO DO ESTADO DO MARANHAO,MA,RECEITA CORRENTE LÍQUIDA,18273349131.85,False
2021,3,RGF-UF,21,GOVERNO DO ESTADO DO MARANHAO,MA,% da DC sobre a RCL AJUSTADA,45.79,False
2021,3,RGF-UF,21,GOVERNO DO ESTADO DO MARANHAO,MA,% da DCL sobre a RCL AJUSTADA,41.32,False
2021,3,RGF-UF,21,GOVERNO DO ESTADO DO MARANHAO,MA,Precatórios (Não incluídos na DC),201236261.37,False
2020,3,RGF-UF,23,GOVERNO DO ESTADO DO CEARA,CE,DÍVIDA CONSOLIDADA,17783339122.52,False
2020,3,RGF-UF,23,GOVERNO DO ESTADO DO CEARA,CE,Empréstimos,15276057918.01,False
2020,3,RGF-UF,23,GOVERNO DO ESTADO DO CEARA,CE,Parcelamento e Renegociação de Dívidas,43091101.59,False
2020,3,RGF-UF,23,GOVERNO DO ESTADO DO CEARA,CE,Demais Dívidas Contratuais,324525712.65,False
2020,3,RGF-UF,23,GOVERNO DO ESTADO DO CEARA,CE,Precatórios (inclusive) Vencidos e Não Pagos,518483807.45,False
2020,3,RGF-UF,23,GOVERNO DO ESTADO DO CEARA,CE,Disponibilidade de Caixa,5688104349.19,False
2020,3,RGF-UF,23,GOVERNO DO ESTADO DO CEARA,CE,Disponibilidade de Caixa Bruta,5815939118.93,False
2020,3,RGF-UF,23,GOVERNO DO ESTADO DO CEARA,CE,DÍVIDA CONSOLIDADA LÍQUIDA,11973622896.16,False
2020,3,RGF-UF,23,GOVERNO DO ESTADO DO CEARA,CE,RECEITA CORRENTE LÍQUIDA,22028314984.46,False
2020,3,RGF-UF,23,GOVERNO DO ESTADO DO CEARA,CE,% da DC sobre a RCL AJUSTADA,80.82,False
2020,3,RGF-UF,23,GOVERNO DO ESTADO DO CEARA,CE,% da DCL sobre a RCL AJUSTADA,54.42,False
2020,3,RGF-UF,23,GOVERNO DO ESTADO DO CEARA,CE,Precatórios (Não incluídos na DC),4115878.99,False
2019,3,RGF-UF,23,GOVERNO DO ESTADO DO CEARA,CE,DÍVIDA CONSOLIDADA,14906375117.99,False
2019,3,RGF-UF,23,GOVERNO DO ESTADO DO CEARA,CE,Empréstimos,12306362054.06,False
2019,3,RGF-UF,23,GOVERNO DO ESTADO DO CEARA,CE,Parcelamento e Renegociação de Dívidas,222405521.48,False
2019,3,RGF-UF,23,GOVERNO DO ESTADO DO CEARA,CE,Demais Dívidas Contratuais,346281672.4,False
2019,3,RGF-UF,23,GOVERNO DO ESTADO DO CEARA,CE,Precatórios (inclusive) Vencidos e Não Pagos,433124638.55,False
2019,3,RGF-UF,23,GOVERNO DO ESTADO DO CEARA,CE,Disponibilidade de Caixa,3783429347.88,False
2019,3,RGF-UF,23,GOVERNO DO ESTADO DO CEARA,CE,Disponibilidade de Caixa Bruta,4071407516.34,False
2019,3,RGF-UF,23,GOVERNO DO ESTADO DO CEARA,CE,DÍVIDA CONSOLIDADA LÍQUIDA,10995170453.7,False
2019,3,RGF-UF,23,GOVERNO DO ESTADO DO CEARA,CE,Precatórios (Não incluídos na DC),82276892.78,False
2024,3,RGF-UF,29,GOVERNO DO ESTADO DA BAHIA,BA,DÍVIDA CONSOLIDADA,35265978257.27,False
2024,3,RGF-UF,29,GOVERNO DO ESTADO DA BAHIA,BA,Parcelamento e Renegociação de Dívidas,314410035.16,False
2024,3,RGF-UF,29,GOVERNO DO ESTADO DA BAHIA,BA,Precatórios (inclusive) Vencidos e Não Pagos,8683690090.24,False
2024,3,RGF-UF,29,GOVERNO DO ESTADO DA BAHIA,BA,Disponibilidade de Caixa,9319863987.65,False
2024,3,RGF-UF,29,GOVERNO DO ESTADO DA BAHIA,BA,Disponibilidade de Caixa Bruta,12311951391.96,False
2024,3,RGF-UF,29,GOVERNO DO ESTADO DA BAHIA,BA,DÍVIDA CONSOLIDADA LÍQUIDA,24083252428.23,False
2024,3,RGF-UF,29,GOVERNO DO ESTADO DA BAHIA,BA,RECEITA CORRENTE LÍQUIDA,65047362383.36,False
2024,3,RGF-UF,29,GOVERNO DO ESTADO DA BAHIA,BA,RECEITA CORRENTE LÍQUIDA AJUSTADA,64905755683.76,False
2024,3,RGF-UF,29,GOVERNO DO ESTADO DA BAHIA,BA,% da DC sobre a RCL AJUSTADA,54.33,False
2024,3,RGF-UF,29,GOVERNO DO ESTADO DA BAHIA,BA,% da DCL sobre a RCL AJUSTADA,37.1,False
2024,3,RGF-UF,29,GOVERNO DO ESTADO DA BAHIA,BA,Precatórios (Não incluídos na DC),2046123257.41,False
2024,3,RGF-UF,22,GOVERNO DO ESTADO DO PIAUI,PI,DÍVIDA CONSOLIDADA,13178868744.35,False
2024,3,RGF-UF,22,GOVERNO DO ESTADO DO PIAUI,PI,Empréstimos,10433562472.36,False
2024,3,RGF-UF,22,GOVERNO DO ESTADO DO PIAUI,PI,Parcelamento e Renegociação de Dívidas,147643396.94,False
2024,3,RGF-UF,22,GOVERNO DO ESTADO DO PIAUI,PI,Demais Dívidas Contratuais,87173706.45,False
2024,3,RGF-UF,22,GOVERNO DO ESTADO DO PIAUI,PI,Precatórios (inclusive) Vencidos e Não Pagos,2510489168.6,False
2024,3,RGF-UF,22,GOVERNO DO ESTADO DO PIAUI,PI,Disponibilidade de Caixa,2375498613.58,False
2024,3,RGF-UF,22,GOVERNO DO ESTADO DO PIAUI,PI,Disponibilidade de Caixa Bruta,3255816458.83,False
2024,3,RGF-UF,22,GOVERNO DO ESTADO DO PIAUI,PI,DÍVIDA CONSOLIDADA LÍQUIDA,10752874948.48,False
2024,3,RGF-UF,22,GOVERNO DO ESTADO DO PIAUI,PI,RECEITA CORRENTE LÍQUIDA,17181161335.79,False
2024,3,RGF-UF,22,GOVERNO DO ESTADO DO PIAUI,PI,RECEITA CORRENTE LÍQUIDA AJUSTADA,17143155807.12,False
2024,3,RGF-UF,22,GOVERNO DO ESTADO DO PIAUI,PI,% da DC sobre a RCL AJUSTADA,76.88,False
2024,3,RGF-UF,22,GOVERNO DO ESTADO DO PIAUI,PI,% da DCL sobre a RCL AJUSTADA,62.72,False
2024,3,RGF-UF,22,GOVERNO DO ESTADO DO PIAUI,PI,Precatórios (Não incluídos na DC),70752021.88,False
2023,3,RGF-UF,25,GOVERNO DO ESTADO DA PARAIBA,PB,DÍVIDA CONSOLIDADA,6975989178.85,False
2023,3,RGF-UF,25,GOVERNO DO ESTADO DA PARAIBA,PB,Empréstimos,1313227364.74,False
2023,3,RGF-UF,25,GOVERNO DO ESTADO DA PARAIBA,PB,Parcelamento e Renegociação de Dívidas,130571078.85,False
2023,3,RGF-UF,25,GOVERNO DO ESTADO DA PARAIBA,PB,Precatórios (inclusive) Vencidos e Não Pagos,4400762365.58,False
2023,3,RGF-UF,25,GOVERNO DO ESTADO DA PARAIBA,PB,Disponibilidade de Caixa,6563525141.14,False
2023,3,RGF-UF,25,GOVERNO DO ESTADO DA PARAIBA,PB,Disponibilidade de Caixa Bruta,7140628227.37,False
2023,3,RGF-UF,25,GOVERNO DO ESTADO DA PARAIBA,PB,DÍVIDA CONSOLIDADA LÍQUIDA,-195385655.48,False
2023,3,RGF-UF,25,GOVERNO DO ESTADO DA PARAIBA,PB,RECEITA CORRENTE LÍQUIDA,16773627778.96,False
2023,3,RGF-UF,25,GOVERNO DO ESTADO DA PARAIBA,PB,% da DC sobre a RCL AJUSTADA,41.6,False
2023,3,RGF-UF,25,GOVERNO DO ESTADO DA PARAIBA,PB,% da DCL sobre a RCL AJUSTADA,-1.17,False
2022,3,RGF-UF,27,GOVERNO DO ESTADO DE ALAGOAS,AL,DÍVIDA CONSOLIDADA,10359518124.82,False
2022,3,RGF-UF,27,GOVERNO DO ESTADO DE ALAGOAS,AL,Empréstimos,3767816170.54,False
2022,3,RGF-UF,27,GOVERNO DO ESTADO DE ALAGOAS,AL,Parcelamento e Renegociação de Dívidas,165845065.01,False
2022,3,RGF-UF,27,GOVERNO DO ESTADO DE ALAGOAS,AL,Disponibilidade de Caixa,2575594629.94,False
2022,3,RGF-UF,27,GOVERNO DO ESTADO DE ALAGOAS,AL,Disponibilidade de Caixa Bruta,2735468340.06,False
2022,3,RGF-UF,27,GOVERNO DO ESTADO DE ALAGOAS,AL,DÍVIDA CONSOLIDADA LÍQUIDA,7245315323.33,False
2022,3,RGF-UF,27,GOVERNO DO ESTADO DE ALAGOAS,AL,RECEITA CORRENTE LÍQUIDA,13177911886.17,False
2022,3,RGF-UF,27,GOVERNO DO ESTADO DE ALAGOAS,AL,% da DC sobre a RCL AJUSTADA,78.62,False
2022,3,RGF-UF,27,GOVERNO DO ESTADO DE ALAGOAS,AL,% da DCL sobre a RCL AJUSTADA,54.98,False
2021,3,RGF-UF,29,GOVERNO DO ESTADO DA BAHIA,BA,DÍVIDA CONSOLIDADA,29326652702.37,False
2021,3,RGF-UF,29,GOVERNO DO ESTADO DA BAHIA,BA,Parcelamento e Renegociação de Dívidas,355313192.84,False
2021,3,RGF-UF,29,GOVERNO DO ESTADO DA BAHIA,BA,Precatórios (inclusive) Vencidos e Não Pagos,4906273996.42,False
2021,3,RGF-UF,29,GOVERNO DO ESTADO DA BAHIA,BA,Disponibilidade de Caixa,10706112293.84,False
2021,3,RGF-UF,29,GOVERNO DO ESTADO DA BAHIA,BA,Disponibilidade de Caixa Bruta,11135153748.87,False
2021,3,RGF-UF,29,GOVERNO DO ESTADO DA BAHIA,BA,DÍVIDA CONSOLIDADA LÍQUIDA,17279788545.69,False
2021,3,RGF-UF,29,GOVERNO DO ESTADO DA BAHIA,BA,RECEITA CORRENTE LÍQUIDA,45445462102.68,False
2021,3,RGF-UF,29,GOVERNO DO ESTADO DA BAHIA,BA,% da DC sobre a RCL AJUSTADA,64.59,False
2021,3,RGF-UF,29,GOVERNO DO ESTADO DA BAHIA,BA,% da DCL sobre a RCL AJUSTADA,38.06,False
2021,3,RGF-UF,22,GOVERNO DO ESTADO DO PIAUI,PI,DÍVIDA CONSOLIDADA,9046722686.49,False
2021,3,RGF-UF,22,GOVERNO DO ESTADO DO PIAUI,PI,Empréstimos,6951347651.17,False
2021,3,RGF-UF,22,GOVERNO DO ESTADO DO PIAUI,PI,Parcelamento e Renegociação de Dívidas,221545925.6,False
2021,3,RGF-UF,22,GOVERNO DO ESTADO DO PIAUI,PI,Demais Dívidas Contratuais,87173706.45,False
2021,3,RGF-UF,22,GOVERNO DO ESTADO DO PIAUI,PI,Precatórios (inclusive) Vencidos e Não Pagos,1703707314.98,False
2021,3,RGF-UF,22,GOVERNO DO ESTADO DO PIAUI,PI,Disponibilidade de Caixa,3673655268.16,False
2021,3,RGF-UF,22,GOVERNO DO ESTADO DO PIAUI,PI,Disponibilidade de Caixa Bruta,4395718975.5,False
2021,3,RGF-UF,22,GOVERNO DO ESTADO DO PIAUI,PI,DÍVIDA CONSOLIDADA LÍQUIDA,5369389881.72,False
2021,3,RGF-UF,22,GOVERNO DO ESTADO DO PIAUI,PI,RECEITA CORRENTE LÍQUIDA,11455231445.84,False
2021,3,RGF-UF,22,GOVERNO DO ESTADO DO PIAUI,PI,% da DC sobre a RCL AJUSTADA,79.07,False
2021,3,RGF-UF,22,GOVERNO DO ESTADO DO PIAUI,PI,% da DCL sobre a RCL AJUSTADA,46.93,False
2021,3,RGF-UF,22,GOVERNO DO ESTADO DO PIAUI,PI,Precatórios (Não incluídos na DC),107054367.6,False
2020,3,RGF-UF,24,GOVERNO DO ESTADO DO RIO GRANDE DO NORTE,RN,DÍVIDA CONSOLIDADA,4012962182.56,False
2020,3,RGF-UF,24,GOVERNO DO ESTADO DO RIO GRANDE DO NORTE,RN,Empréstimos,2097889064.22,False
2020,3,RGF-UF,24,GOVERNO DO ESTADO DO RIO GRANDE DO NORTE,RN,Parcelamento e Renegociação de Dívidas,123935423.7,False
2020,3,RGF-UF,24,GOVERNO DO ESTADO DO RIO GRANDE DO NORTE,RN,Precatórios (inclusive) Vencidos e Não Pagos,1250651899.3,False
2020,3,RGF-UF,24,GOVERNO DO ESTADO DO RIO GRANDE DO NORTE,RN,Disponibilidade de Caixa,16481461.42,False
2020,3,RGF-UF,24,GOVERNO DO ESTADO DO RIO GRANDE DO NORTE,RN,Disponibilidade de Caixa Bruta,1521425856.44,False
2020,3,RGF-UF,24,GOVERNO DO ESTADO DO RIO GRANDE DO NORTE,RN,DÍVIDA CONSOLIDADA LÍQUIDA,3996480721.14,False
2020,3,RGF-UF,24,GOVERNO DO ESTADO DO RIO GRANDE DO NORTE,RN,RECEITA CORRENTE LÍQUIDA,10827361004.7,False
2020,3,RGF-UF,24,GOVERNO DO ESTADO DO RIO GRANDE DO NORTE,RN,% da DC sobre a RCL AJUSTADA,37.06,False
2020,3,RGF-UF,24,GOVERNO DO ESTADO DO RIO GRANDE DO NORTE,RN,% da DCL sobre a RCL AJUSTADA,36.91,False
2019,3,RGF-UF,22,GOVERNO DO ESTADO DO PIAUI,PI,DÍVIDA CONSOLIDADA,5556042195.05,False
2019,3,RGF-UF,22,GOVERNO DO ESTADO DO PIAUI,PI,Empréstimos,4734403410.69,False
2019,3,RGF-UF,22,GOVERNO DO ESTADO DO PIAUI,PI,Parcelamento e Renegociação de Dívidas,245885250.9,False
2019,3,RGF-UF,22,GOVERNO DO ESTADO DO PIAUI,PI,Demais Dívidas Contratuais,201640929.04,False
2019,3,RGF-UF,22,GOVERNO DO ESTADO DO PIAUI,PI,Precatórios (inclusive) Vencidos e Não Pagos,374112604.42,False
2019,3,RGF-UF,22,GOVERNO DO ESTADO DO PIAUI,PI,Disponibilidade de Caixa,372756075.28,False
2019,3,RGF-UF,22,GOVERNO DO ESTADO DO PIAUI,PI,Disponibilidade de Caixa Bruta,1964181656.67,False
2019,3,RGF-UF,22,GOVERNO DO ESTADO DO PIAUI,PI,DÍVIDA CONSOLIDADA LÍQUIDA,5181842289.41,False
2019,3,RGF-UF,22,GOVERNO DO ESTADO DO PIAUI,PI,Precatórios (Não incluídos na DC),10927692.66,False
2024,3,RGF-UF,23,GOVERNO DO ESTADO DO CEARA,CE,DÍVIDA CONSOLIDADA,18954882256.77,False
2024,3,RGF-UF,23,GOVERNO DO ESTADO DO CEARA,CE,Empréstimos,15979934138.66,False
2024,3,RGF-UF,23,GOVERNO DO ESTADO DO CEARA,CE,Parcelamento e Renegociação de Dívidas,717838247.66,False
2024,3,RGF-UF,23,GOVERNO DO ESTADO DO CEARA,CE,Precatórios (inclusive) Vencidos e Não Pagos,862960036.99,False
2024,3,RGF-UF,23,GOVERNO DO ESTADO DO CEARA,CE,Disponibilidade de Caixa,6197636637.63,False
2024,3,RGF-UF,23,GOVERNO DO ESTADO DO CEARA,CE,Disponibilidade de Caixa Bruta,7303967734.37,False
2024,3,RGF-UF,23,GOVERNO DO ESTADO DO CEARA,CE,DÍVIDA CONSOLIDADA LÍQUIDA,12002714794.04,False
2024,3,RGF-UF,23,GOVERNO DO ESTADO DO CEARA,CE,RECEITA CORRENTE LÍQUIDA,36362436745.35,False
2024,3,RGF-UF,23,GOVERNO DO ESTADO DO CEARA,CE,RECEITA CORRENTE LÍQUIDA AJUSTADA,36308708717.06,False
2024,3,RGF-UF,23,GOVERNO DO ESTADO DO CEARA,CE,% da DC sobre a RCL AJUSTADA,52.2,False
2024,3,RGF-UF,23,GOVERNO DO ESTADO DO CEARA,CE,% da DCL sobre a RCL AJUSTADA,33.06,False
2024,3,RGF-UF,23,GOVERNO DO ESTADO DO CEARA,CE,Precatórios (Não incluídos na DC),445692383.75,False
2023,3,RGF-UF,26,GOVERNO DO ESTADO DE PERNAMBUCO,PE,DÍVIDA CONSOLIDADA,16825606008.9,False
2023,3,RGF-UF,26,GOVERNO DO ESTADO DE PERNAMBUCO,PE,Empréstimos,12129686943.9,False
2023,3,RGF-UF,26,GOVERNO DO ESTADO DE PERNAMBUCO,PE,Parcelamento e Renegociação de Dívidas,28491039.94,False
2023,3,RGF-UF,26,GOVERNO DO ESTADO DE PERNAMBUCO,PE,Precatórios (inclusive) Vencidos e Não Pagos,471784191.73,False
2023,3,RGF-UF,26,GOVERNO DO ESTADO DE PERNAMBUCO,PE,Disponibilidade de Caixa,4410779482.31,False
2023,3,RGF-UF,26,GOVERNO DO ESTADO DE PERNAMBUCO,PE,Disponibilidade de Caixa Bruta,7019108921.17,False
2023,3,RGF-UF,26,GOVERNO DO ESTADO DE PERNAMBUCO,PE,DÍVIDA CONSOLIDADA LÍQUIDA,12069013825.15,False
2023,3,RGF-UF,26,GOVERNO DO ESTADO DE PERNAMBUCO,PE,RECEITA CORRENTE LÍQUIDA,37830131985.44,False
2023,3,RGF-UF,26,GOVERNO DO ESTADO DE PERNAMBUCO,PE,% da DC sobre a RCL AJUSTADA,44.5,False
2023,3,RGF-UF,26,GOVERNO DO ESTADO DE PERNAMBUCO,PE,% da DCL sobre a RCL AJUSTADA,31.92,False
2022,3,RGF-UF,28,GOVERNO DO ESTADO DE SERGIPE,SE,DÍVIDA CONSOLIDADA,4874338138.52,False
2022,3,RGF-UF,28,GOVERNO DO ESTADO DE SERGIPE,SE,Parcelamento e Renegociação de Dívidas,98717919.7,False
2022,3,RGF-UF,28,GOVERNO DO ESTADO DE SERGIPE,SE,Precatórios (inclusive) Vencidos e Não Pagos,1415527981.75,False
2022,3,RGF-UF,28,GOVERNO DO ESTADO DE SERGIPE,SE,Disponibilidade de Caixa,925854124.4,False
2022,3,RGF-UF,28,GOVERNO DO ESTADO DE SERGIPE,SE,Disponibilidade de Caixa Bruta,1204177252.49,False
2022,3,RGF-UF,28,GOVERNO DO ESTADO DE SERGIPE,SE,DÍVIDA CONSOLIDADA LÍQUIDA,3543671294.86,False
2022,3,RGF-UF,28,GOVERNO DO ESTADO DE SERGIPE,SE,RECEITA CORRENTE LÍQUIDA,11296095375.56,False
2022,3,RGF-UF,28,GOVERNO DO ESTADO DE SERGIPE,SE,% da DC sobre a RCL AJUSTADA,43.16,False
2022,3,RGF-UF,28,GOVERNO DO ESTADO DE SERGIPE,SE,% da DCL sobre a RCL AJUSTADA,31.38,False
2022,3,RGF-UF,28,GOVERNO DO ESTADO DE SERGIPE,SE,Precatórios (Não incluídos na DC),161135901.31,False
2022,3,RGF-UF,21,GOVERNO DO ESTADO DO MARANHAO,MA,DÍVIDA CONSOLIDADA,9828213112.5,False
2022,3,RGF-UF,21,GOVERNO DO ESTADO DO MARANHAO,MA,Empréstimos,4709002556.14,False
2022,3,RGF-UF,21,GOVERNO DO ESTADO DO MARANHAO,MA,Precatórios (inclusive) Vencidos e Não Pagos,1968966544.39,False
2022,3,RGF-UF,21,GOVERNO DO ESTADO DO MARANHAO,MA,Disponibilidade de Caixa,702979868.96,False
2022,3,RGF-UF,21,GOVERNO DO ESTADO DO MARANHAO,MA,Disponibilidade de Caixa Bruta,2545905384.06,False
2022,3,RGF-UF,21,GOVERNO DO ESTADO DO MARANHAO,MA,DÍVIDA CONSOLIDADA LÍQUIDA,9122675760.38,False
2022,3,RGF-UF,21,GOVERNO DO ESTADO DO MARANHAO,MA,RECEITA CORRENTE LÍQUIDA,22168930851.27,False
2022,3,RGF-UF,21,GOVERNO DO ESTADO DO MARANHAO,MA,% da DC sobre a RCL AJUSTADA,44.34,False
2022,3,RGF-UF,21,GOVERNO DO ESTADO DO MARANHAO,MA,% da DCL sobre a RCL AJUSTADA,41.16,False
2022,3,RGF-UF,21,GOVERNO DO ESTADO DO MARANHAO,MA,Precatórios (Não incluídos na DC),305090000.0,False
2021,3,RGF-UF,23,GOVERNO DO ESTADO DO CEARA,CE,DÍVIDA CONSOLIDADA,18849849667.1,False
2021,3,RGF-UF,23,GOVERNO DO ESTADO DO CEARA,CE,Empréstimos,16237011096.63,False
2021,3,RGF-UF,23,GOVERNO DO ESTADO DO CEARA,CE,Parcelamento e Renegociação de Dívidas,31124062.74,False
2021,3,RGF-UF,23,GOVERNO DO ESTADO DO CEARA,CE,Demais Dívidas Contratuais,303395643.14,False
2021,3,RGF-UF,23,GOVERNO DO ESTADO DO CEARA,CE,Precatórios (inclusive) Vencidos e Não Pagos,465267285.4,False
2021,3,RGF-UF,23,GOVERNO DO ESTADO DO CEARA,CE,Disponibilidade de Caixa,7600684375.12,False
2021,3,RGF-UF,23,GOVERNO DO ESTADO DO CEARA,CE,Disponibilidade de Caixa Bruta,7821415363.56,False
2021,3,RGF-UF,23,GOVERNO DO ESTADO DO CEARA,CE,DÍVIDA CONSOLIDADA LÍQUIDA,11108323624.65,False
2021,3,RGF-UF,23,GOVERNO DO ESTADO DO CEARA,CE,RECEITA CORRENTE LÍQUIDA,25170813561.04,False
2021,3,RGF-UF,23,GOVERNO DO ESTADO DO CEARA,CE,% da DC sobre a RCL AJUSTADA,74.89,False
2021,3,RGF-UF,23,GOVERNO DO ESTADO DO CEARA,CE,% da DCL sobre a RCL AJUSTADA,44.13,False
2021,3,RGF-UF,23,GOVERNO DO ESTADO DO CEARA,CE,Precatórios (Não incluídos na DC),193059623.05,False
2020,3,RGF-UF,25,GOVERNO DO ESTADO DA PARAIBA,PB,DÍVIDA CONSOLIDADA,4665096313.62,False
2020,3,RGF-UF,25,GOVERNO DO ESTADO DA PARAIBA,PB,Empréstimos,704466454.01,False
2020,3,RGF-UF,25,GOVERNO DO ESTADO DA PARAIBA,PB,Precatórios (inclusive) Vencidos e Não Pagos,2010785589.06,False
2020,3,RGF-UF,25,GOVERNO DO ESTADO DA PARAIBA,PB,Disponibilidade de Caixa,3140972733.63,False
2020,3,RGF-UF,25,GOVERNO DO ESTADO DA PARAIBA,PB,Disponibilidade de Caixa Bruta,3302003442.43,False
2020,3,RGF-UF,25,GOVERNO DO ESTADO DA PARAIBA,PB,DÍVIDA CONSOLIDADA LÍQUIDA,1233663646.5,False
2020,3,RGF-UF,25,GOVERNO DO ESTADO DA PARAIBA,PB,RECEITA CORRENTE LÍQUIDA,11287852748.44,False
2020,3,RGF-UF,25,GOVERNO DO ESTADO DA PARAIBA,PB,% da DC sobre a RCL AJUSTADA,41.33,False
2020,3,RGF-UF,25,GOVERNO DO ESTADO DA PARAIBA,PB,% da DCL sobre a RCL AJUSTADA,10.93,False
2019,3,RGF-UF,21,GOVERNO DO ESTADO DO MARANHAO,MA,DÍVIDA CONSOLIDADA,7461344237.22,False
2019,3,RGF-UF,21,GOVERNO DO ESTADO DO MARANHAO,MA,Empréstimos,4893489417.06,False
2019,3,RGF-UF,21,GOVERNO DO ESTADO DO MARANHAO,MA,Precatórios (inclusive) Vencidos e Não Pagos,1213044023.49,False
2019,3,RGF-UF,21,GOVERNO DO ESTADO DO MARANHAO,MA,Disponibilidade de Caixa,900468479.55,False
2019,3,RGF-UF,21,GOVERNO DO ESTADO DO MARANHAO,MA,Disponibilidade de Caixa Bruta,1681690942.15,False
2019,3,RGF-UF,21,GOVERNO DO ESTADO DO MARANHAO,MA,DÍVIDA CONSOLIDADA LÍQUIDA,6549951976.7,False
2019,3,RGF-UF,21,GOVERNO DO ESTADO DO MARANHAO,MA,Precatórios (Não incluídos na DC),173061004.73,False
2019,3,RGF-UF,24,GOVERNO DO ESTADO DO RIO GRANDE DO NORTE,RN,DÍVIDA CONSOLIDADA,3574124524.04,False
2019,3,RGF-UF,24,GOVERNO DO ESTADO DO RIO GRANDE DO NORTE,RN,Empréstimos,2232539564.13,False
2019,3,RGF-UF,24,GOVERNO DO ESTADO DO RIO GRANDE DO NORTE,RN,Parcelamento e Renegociação de Dívidas,1044508.51,False
2019,3,RGF-UF,24,GOVERNO DO ESTADO DO RIO GRANDE DO NORTE,RN,Demais Dívidas Contratuais,128538115.53,False
2019,3,RGF-UF,24,GOVERNO DO ESTADO DO RIO GRANDE DO NORTE,RN,Precatórios (inclusive) Vencidos e Não Pagos,816516125.36,False
2019,3,RGF-UF,24,GOVERNO DO ESTADO DO RIO GRANDE DO NORTE,RN,Disponibilidade de Caixa,320825363.09,False
2019,3,RGF-UF,24,GOVERNO DO ESTADO DO RIO GRANDE DO NORTE,RN,Disponibilidade de Caixa Bruta,1352796049.04,False
2019,3,RGF-UF,24,GOVERNO DO ESTADO DO RIO GRANDE DO NORTE,RN,DÍVIDA CONSOLIDADA LÍQUIDA,3253299160.95,False
2024,3,RGF-UF,24,GOVERNO DO ESTADO DO RIO GRANDE DO NORTE,RN,DÍVIDA CONSOLIDADA,7201713061.97,False
2024,3,RGF-UF,24,GOVERNO DO ESTADO DO RIO GRANDE DO NORTE,RN,Empréstimos,2734195879.84,False
2024,3,RGF-UF,24,GOVERNO DO ESTADO DO RIO GRANDE DO NORTE,RN,Parcelamento e Renegociação de Dívidas,168346105.99,False
2024,3,RGF-UF,24,GOVERNO DO ESTADO DO RIO GRANDE DO NORTE,RN,Precatórios (inclusive) Vencidos e Não Pagos,3214637210.88,False
2024,3,RGF-UF,24,GOVERNO DO ESTADO DO RIO GRANDE DO NORTE,RN,Disponibilidade de Caixa Bruta,1536331084.82,False
2024,3,RGF-UF,24,GOVERNO DO ESTADO DO RIO GRANDE DO NORTE,RN,DÍVIDA CONSOLIDADA LÍQUIDA,6932442046.08,False
2024,3,RGF-UF,24,GOVERNO DO ESTADO DO RIO GRANDE DO NORTE,RN,RECEITA CORRENTE LÍQUIDA,17259892416.73,False
2024,3,RGF-UF,24,GOVERNO DO ESTADO DO RIO GRANDE DO NORTE,RN,RECEITA CORRENTE LÍQUIDA AJUSTADA,17255089577.58,False
2024,3,RGF-UF,24,GOVERNO DO ESTADO DO RIO GRANDE DO NORTE,RN,% da DC sobre a RCL AJUSTADA,41.74,False
2024,3,RGF-UF,24,GOVERNO DO ESTADO DO RIO GRANDE DO NORTE,RN,% da DCL sobre a RCL AJUSTADA,40.18,False
2024,3,RGF-UF,24,GOVERNO DO ESTADO DO RIO GRANDE DO NORTE,RN,Precatórios (Não incluídos na DC),1730147385.6,False
2023,3,RGF-UF,27,GOVERNO DO ESTADO DE ALAGOAS,AL,DÍVIDA CONSOLIDADA,12996842336.01,False
2023,3,RGF-UF,27,GOVERNO DO ESTADO DE ALAGOAS,AL,Empréstimos,4450793983.18,False
2023,3,RGF-UF,27,GOVERNO DO ESTADO DE ALAGOAS,AL,Parcelamento e Renegociação de Dívidas,149125575.53,False
2023,3,RGF-UF,27,GOVERNO DO ESTADO DE ALAGOAS,AL,Disponibilidade de Caixa,2729302949.27,False
2023,3,RGF-UF,27,GOVERNO DO ESTADO DE ALAGOAS,AL,Disponibilidade de Caixa Bruta,3021599615.15,False
2023,3,RGF-UF,27,GOVERNO DO ESTADO DE ALAGOAS,AL,DÍVIDA CONSOLIDADA LÍQUIDA,10136310099.65,False
2023,3,RGF-UF,27,GOVERNO DO ESTADO DE ALAGOAS,AL,RECEITA CORRENTE LÍQUIDA,14465051819.55,False
2023,3,RGF-UF,27,GOVERNO DO ESTADO DE ALAGOAS,AL,% da DC sobre a RCL AJUSTADA,90.18,False
2023,3,RGF-UF,27,GOVERNO DO ESTADO DE ALAGOAS,AL,% da DCL sobre a RCL AJUSTADA,70.33,False
2022,3,RGF-UF,29,GOVERNO DO ESTADO DA BAHIA,BA,DÍVIDA CONSOLIDADA,28529828408.0,False
2022,3,RGF-UF,29,GOVERNO DO ESTADO DA BAHIA,BA,Parcelamento e Renegociação de Dívidas,384517445.39,False
2022,3,RGF-UF,29,GOVERNO DO ESTADO DA BAHIA,BA,Precatórios (inclusive) Vencidos e Não Pagos,4991925371.97,False
2022,3,RGF-UF,29,GOVERNO DO ESTADO DA BAHIA,BA,Disponibilidade de Caixa,11225387106.5,False
2022,3,RGF-UF,29,GOVERNO DO ESTADO DA BAHIA,BA,Disponibilidade de Caixa Bruta,12824886876.69,False
2022,3,RGF-UF,29,GOVERNO DO ESTADO DA BAHIA,BA,DÍVIDA CONSOLIDADA LÍQUIDA,16654259235.6,False
2022,3,RGF-UF,29,GOVERNO DO ESTADO DA BAHIA,BA,RECEITA CORRENTE LÍQUIDA,55345564180.74,False
2022,3,RGF-UF,29,GOVERNO DO ESTADO DA BAHIA,BA,% da DC sobre a RCL AJUSTADA,51.58,False
2022,3,RGF-UF,29,GOVERNO DO ESTADO DA BAHIA,BA,% da DCL sobre a RCL AJUSTADA,30.11,False
2022,3,RGF-UF,22,GOVERNO DO ESTADO DO PIAUI,PI,DÍVIDA CONSOLIDADA,9067438865.9,False
2022,3,RGF-UF,22,GOVERNO DO ESTADO DO PIAUI,PI,Empréstimos,6490648449.13,False
2022,3,RGF-UF,22,GOVERNO DO ESTADO DO PIAUI,PI,Parcelamento e Renegociação de Dívidas,201725480.41,False
2022,3,RGF-UF,22,GOVERNO DO ESTADO DO PIAUI,PI,Demais Dívidas Contratuais,87173706.45,False
2022,3,RGF-UF,22,GOVERNO DO ESTADO DO PIAUI,PI,Precatórios (inclusive) Vencidos e Não Pagos,2118761111.3,False
2022,3,RGF-UF,22,GOVERNO DO ESTADO DO PIAUI,PI,Disponibilidade de Caixa,2161609315.53,False
2022,3,RGF-UF,22,GOVERNO DO ESTADO DO PIAUI,PI,Disponibilidade de Caixa Bruta,3050552546.87,False
2022,3,RGF-UF,22,GOVERNO DO ESTADO DO PIAUI,PI,DÍVIDA CONSOLIDADA LÍQUIDA,6891399275.12,False
2022,3,RGF-UF,22,GOVERNO DO ESTADO DO PIAUI,PI,RECEITA CORRENTE LÍQUIDA,13517450096.11,False
2022,3,RGF-UF,22,GOVERNO DO ESTADO DO PIAUI,PI,% da DC sobre a RCL AJUSTADA,67.13,False
2022,3,RGF-UF,22,GOVERNO DO ESTADO DO PIAUI,PI,% da DCL sobre a RCL AJUSTADA,51.02,False
2022,3,RGF-UF,22,GOVERNO DO ESTADO DO PIAUI,PI,Precatórios (Não incluídos na DC),87512028.89,False
2021,3,RGF-UF,24,GOVERNO DO ESTADO DO RIO GRANDE DO NORTE,RN,DÍVIDA CONSOLIDADA,4831887107.06,False
2021,3,RGF-UF,24,GOVERNO DO ESTADO DO RIO GRANDE DO NORTE,RN,Empréstimos,2147520660.29,False
2021,3,RGF-UF,24,GOVERNO DO ESTADO DO RIO GRANDE DO NORTE,RN,Parcelamento e Renegociação de Dívidas,161594314.77,False
2021,3,RGF-UF,24,GOVERNO DO ESTADO DO RIO GRANDE DO NORTE,RN,Precatórios (inclusive) Vencidos e Não Pagos,1831190927.77,False
2021,3,RGF-UF,24,GOVERNO DO ESTADO DO RIO GRANDE DO NORTE,RN,Disponibilidade de Caixa,606783309.24,False
2021,3,RGF-UF,24,GOVERNO DO ESTADO DO RIO GRANDE DO NORTE,RN,Disponibilidade de Caixa Bruta,1477919196.72,False
2021,3,RGF-UF,24,GOVERNO DO ESTADO DO RIO GRANDE DO NORTE,RN,DÍVIDA CONSOLIDADA LÍQUIDA,4225103797.82,False
2021,3,RGF-UF,24,GOVERNO DO ESTADO DO RIO GRANDE DO NORTE,RN,RECEITA CORRENTE LÍQUIDA,12245466333.85,False
2021,3,RGF-UF,24,GOVERNO DO ESTADO DO RIO GRANDE DO NORTE,RN,% da DC sobre a RCL AJUSTADA,39.47,False
2021,3,RGF-UF,24,GOVERNO DO ESTADO DO RIO GRANDE DO NORTE,RN,% da DCL sobre a RCL AJUSTADA,34.51,False
2020,3,RGF-UF,26,GOVERNO DO ESTADO DE PERNAMBUCO,PE,DÍVIDA CONSOLIDADA,17186972915.11,False
2020,3,RGF-UF,26,GOVERNO DO ESTADO DE PERNAMBUCO,PE,Empréstimos,13172466905.55,False
2020,3,RGF-UF,26,GOVERNO DO ESTADO DE PERNAMBUCO,PE,Parcelamento e Renegociação de Dívidas,79677394.04,False
2020,3,RGF-UF,26,GOVERNO DO ESTADO DE PERNAMBUCO,PE,Precatórios (inclusive) Vencidos e Não Pagos,430659826.81,False
2020,3,RGF-UF,26,GOVERNO DO ESTADO DE PERNAMBUCO,PE,Disponibilidade de Caixa,3931006127.62,False
2020,3,RGF-UF,26,GOVERNO DO ESTADO DE PERNAMBUCO,PE,Disponibilidade de Caixa Bruta,4833400832.81,False
2020,3,RGF-UF,26,GOVERNO DO ESTADO DE PERNAMBUCO,PE,DÍVIDA CONSOLIDADA LÍQUIDA,13081473274.29,False
2020,3,RGF-UF,26,GOVERNO DO ESTADO DE PERNAMBUCO,PE,RECEITA CORRENTE LÍQUIDA,27238978598.44,False
2020,3,RGF-UF,26,GOVERNO DO ESTADO DE PERNAMBUCO,PE,% da DC sobre a RCL AJUSTADA,63.14,False
2020,3,RGF-UF,26,GOVERNO DO ESTADO DE PERNAMBUCO,PE,% da DCL sobre a RCL AJUSTADA,48.06,False
2019,3,RGF-UF,28,GOVERNO DO ESTADO DE SERGIPE,SE,DÍVIDA CONSOLIDADA,4867202795.35,False
2019,3,RGF-UF,28,GOVERNO DO ESTADO DE SERGIPE,SE,Parcelamento e Renegociação de Dívidas,85962985.86,False
2019,3,RGF-UF,28,GOVERNO DO ESTADO DE SERGIPE,SE,Precatórios (inclusive) Vencidos e Não Pagos,1247888634.7,False
2019,3,RGF-UF,28,GOVERNO DO ESTADO DE SERGIPE,SE,Disponibilidade de Caixa,417452362.83,False
2019,3,RGF-UF,28,GOVERNO DO ESTADO DE SERGIPE,SE,Disponibilidade de Caixa Bruta,806637067.17,False
2019,3,RGF-UF,28,GOVERNO DO ESTADO DE SERGIPE,SE,DÍVIDA CONSOLIDADA LÍQUIDA,3695263444.12,False
2019,3,RGF-UF,28,GOVERNO DO ESTADO DE SERGIPE,SE,Precatórios (Não incluídos na DC),91816892.55,False
2024,3,RGF-UF,25,GOVERNO DO ESTADO DA PARAIBA,PB,DÍVIDA CONSOLIDADA,7467178344.61,False
2024,3,RGF-UF,25,GOVERNO DO ESTADO DA PARAIBA,PB,Empréstimos,1600076995.83,False
2024,3,RGF-UF,25,GOVERNO DO ESTADO DA PARAIBA,PB,Parcelamento e Renegociação de Dívidas,100427700.78,False
2024,3,RGF-UF,25,GOVERNO DO ESTADO DA PARAIBA,PB,Precatórios (inclusive) Vencidos e Não Pagos,4614817360.18,False
2024,3,RGF-UF,25,GOVERNO DO ESTADO DA PARAIBA,PB,Disponibilidade de Caixa,7277342348.62,False
2024,3,RGF-UF,25,GOVERNO DO ESTADO DA PARAIBA,PB,Disponibilidade de Caixa Bruta,7822530063.35,False
2024,3,RGF-UF,25,GOVERNO DO ESTADO DA PARAIBA,PB,DÍVIDA CONSOLIDADA LÍQUIDA,-448693341.72,False
2024,3,RGF-UF,25,GOVERNO DO ESTADO DA PARAIBA,PB,RECEITA CORRENTE LÍQUIDA,18928080527.4,False
2024,3,RGF-UF,25,GOVERNO DO ESTADO DA PARAIBA,PB,RECEITA CORRENTE LÍQUIDA AJUSTADA,18904611050.4,False
2024,3,RGF-UF,25,GOVERNO DO ESTADO DA PARAIBA,PB,% da DC sobre a RCL AJUSTADA,39.5,False
2024,3,RGF-UF,25,GOVERNO DO ESTADO DA PARAIBA,PB,% da DCL sobre a RCL AJUSTADA,-2.37,False
2023,3,RGF-UF,28,GOVERNO DO ESTADO DE SERGIPE,SE,DÍVIDA CONSOLIDADA,4987142159.18,False
2023,3,RGF-UF,28,GOVERNO DO ESTADO DE SERGIPE,SE,Parcelamento e Renegociação de Dívidas,84286839.3,False
2023,3,RGF-UF,28,GOVERNO DO ESTADO DE SERGIPE,SE,Precatórios (inclusive) Vencidos e Não Pagos,1487424006.67,False
2023,3,RGF-UF,28,GOVERNO DO ESTADO DE SERGIPE,SE,Disponibilidade de Caixa,1512779491.69,False
2023,3,RGF-UF,28,GOVERNO DO ESTADO DE SERGIPE,SE,Disponibilidade de Caixa Bruta,1942595858.43,False
2023,3,RGF-UF,28,GOVERNO DO ESTADO DE SERGIPE,SE,DÍVIDA CONSOLIDADA LÍQUIDA,2884664295.48,False
2023,3,RGF-UF,28,GOVERNO DO ESTADO DE SERGIPE,SE,RECEITA CORRENTE LÍQUIDA,12629587874.94,False
2023,3,RGF-UF,28,GOVERNO DO ESTADO DE SERGIPE,SE,% da DC sobre a RCL AJUSTADA,39.6,False
2023,3,RGF-UF,28,GOVERNO DO ESTADO DE SERGIPE,SE,% da DCL sobre a RCL AJUSTADA,22.91,False
2023,3,RGF-UF,28,GOVERNO DO ESTADO DE SERGIPE,SE,Precatórios (Não incluídos na DC),212296790.81,False
2023,3,RGF-UF,21,GOVERNO DO ESTADO DO MARANHAO,MA,DÍVIDA CONSOLIDADA,6479841445.19,False
2023,3,RGF-UF,21,GOVERNO DO ESTADO DO MARANHAO,MA,Empréstimos,3148780039.16,False
2023,3,RGF-UF,21,GOVERNO DO ESTADO DO MARANHAO,MA,Precatórios (inclusive) Vencidos e Não Pagos,1763622816.09,False
2023,3,RGF-UF,21,GOVERNO DO ESTADO DO MARANHAO,MA,Disponibilidade de Caixa,2045161981.81,False
2023,3,RGF-UF,21,GOVERNO DO ESTADO DO MARANHAO,MA,Disponibilidade de Caixa Bruta,4102645576.13,False
2023,3,RGF-UF,21,GOVERNO DO ESTADO DO MARANHAO,MA,DÍVIDA CONSOLIDADA LÍQUIDA,4433520205.58,False
2023,3,RGF-UF,21,GOVERNO DO ESTADO DO MARANHAO,MA,RECEITA CORRENTE LÍQUIDA,23120999553.98,False
2023,3,RGF-UF,21,GOVERNO DO ESTADO DO MARANHAO,MA,% da DC sobre a RCL AJUSTADA,28.07,False
2023,3,RGF-UF,21,GOVERNO DO ESTADO DO MARANHAO,MA,% da DCL sobre a RCL AJUSTADA,19.2,False
2023,3,RGF-UF,21,GOVERNO DO ESTADO DO MARANHAO,MA,Precatórios (Não incluídos na DC),403004545.87,False
2022,3,RGF-UF,23,GOVERNO DO ESTADO DO CEARA,CE,DÍVIDA CONSOLIDADA,17568895743.13,False
2022,3,RGF-UF,23,GOVERNO DO ESTADO DO CEARA,CE,Empréstimos,14737809442.22,False
2022,3,RGF-UF,23,GOVERNO DO ESTADO DO CEARA,CE,Parcelamento e Renegociação de Dívidas,23662307.35,False
2022,3,RGF-UF,23,GOVERNO DO ESTADO DO CEARA,CE,Demais Dívidas Contratuais,286033664.38,False
2022,3,RGF-UF,23,GOVERNO DO ESTADO DO CEARA,CE,Precatórios (inclusive) Vencidos e Não Pagos,568584287.04,False
2022,3,RGF-UF,23,GOVERNO DO ESTADO DO CEARA,CE,Disponibilidade de Caixa,7147203143.51,False
2022,3,RGF-UF,23,GOVERNO DO ESTADO DO CEARA,CE,Disponibilidade de Caixa Bruta,8733510976.08,False
2022,3,RGF-UF,23,GOVERNO DO ESTADO DO CEARA,CE,DÍVIDA CONSOLIDADA LÍQUIDA,10217259286.86,False
2022,3,RGF-UF,23,GOVERNO DO ESTADO DO CEARA,CE,RECEITA CORRENTE LÍQUIDA,30383651351.44,False
2022,3,RGF-UF,23,GOVERNO DO ESTADO DO CEARA,CE,% da DC sobre a RCL AJUSTADA,57.82,False
2022,3,RGF-UF,23,GOVERNO DO ESTADO DO CEARA,CE,% da DCL sobre a RCL AJUSTADA,33.63,False
2022,3,RGF-UF,23,GOVERNO DO ESTADO DO CEARA,CE,Precatórios (Não incluídos na DC),97459374.73,False
2021,3,RGF-UF,25,GOVERNO DO ESTADO DA PARAIBA,PB,DÍVIDA CONSOLIDADA,5133404404.5,False
2021,3,RGF-UF,25,GOVERNO DO ESTADO DA PARAIBA,PB,Empréstimos,1335109284.92,False
2021,3,RGF-UF,25,GOVERNO DO ESTADO DA PARAIBA,PB,Precatórios (inclusive) Vencidos e Não Pagos,2409809928.31,False
2021,3,RGF-UF,25,GOVERNO DO ESTADO DA PARAIBA,PB,Disponibilidade de Caixa,5000834887.59,False
2021,3,RGF-UF,25,GOVERNO DO ESTADO DA PARAIBA,PB,Disponibilidade de Caixa Bruta,5112571488.8,False
2021,3,RGF-UF,25,GOVERNO DO ESTADO DA PARAIBA,PB,DÍVIDA CONSOLIDADA LÍQUIDA,-400261759.07,False
2021,3,RGF-UF,25,GOVERNO DO ESTADO DA PARAIBA,PB,RECEITA CORRENTE LÍQUIDA,13037174793.71,False
2021,3,RGF-UF,25,GOVERNO DO ESTADO DA PARAIBA,PB,% da DC sobre a RCL AJUSTADA,39.38,False
2021,3,RGF-UF,25,GOVERNO DO ESTADO DA PARAIBA,PB,% da DCL sobre a RCL AJUSTADA,-3.07,False
2020,3,RGF-UF,27,GOVERNO DO ESTADO DE ALAGOAS,AL,DÍVIDA CONSOLIDADA,9552764029.88,False
2020,3,RGF-UF,27,GOVERNO DO ESTADO DE ALAGOAS,AL,Empréstimos,3149335558.69,False
2020,3,RGF-UF,27,GOVERNO DO ESTADO DE ALAGOAS,AL,Parcelamento e Renegociação de Dívidas,107726453.82,False
2020,3,RGF-UF,27,GOVERNO DO ESTADO DE ALAGOAS,AL,Disponibilidade de Caixa,3200514582.38,False
2020,3,RGF-UF,27,GOVERNO DO ESTADO DE ALAGOAS,AL,Disponibilidade de Caixa Bruta,3220742111.41,False
2020,3,RGF-UF,27,GOVERNO DO ESTADO DE ALAGOAS,AL,DÍVIDA CONSOLIDADA LÍQUIDA,5813489668.41,False
2020,3,RGF-UF,27,GOVERNO DO ESTADO DE ALAGOAS,AL,RECEITA CORRENTE LÍQUIDA,10059495938.65,False
2020,3,RGF-UF,27,GOVERNO DO ESTADO DE ALAGOAS,AL,% da DC sobre a RCL AJUSTADA,95.03,False
2020,3,RGF-UF,27,GOVERNO DO ESTADO DE ALAGOAS,AL,% da DCL sobre a RCL AJUSTADA,57.83,False
2019,3,RGF-UF,29,GOVERNO DO ESTADO DA BAHIA,BA,DÍVIDA CONSOLIDADA,25835368379.44,False
2019,3,RGF-UF,29,GOVERNO DO ESTADO DA BAHIA,BA,Parcelamento e Renegociação de Dívidas,408533429.66,False
2019,3,RGF-UF,29,GOVERNO DO ESTADO DA BAHIA,BA,Precatórios (inclusive) Vencidos e Não Pagos,5173368460.86,False
2019,3,RGF-UF,29,GOVERNO DO ESTADO DA BAHIA,BA,Disponibilidade de Caixa,3518192204.2,False
2019,3,RGF-UF,29,GOVERNO DO ESTADO DA BAHIA,BA,Disponibilidade de Caixa Bruta,4008908201.8,False
2019,3,RGF-UF,29,GOVERNO DO ESTADO DA BAHIA,BA,DÍVIDA CONSOLIDADA LÍQUIDA,21526711938.65,False
2019,3,RGF-UF,27,GOVERNO DO ESTADO DE ALAGOAS,AL,DÍVIDA CONSOLIDADA,8806971453.9,False
2019,3,RGF-UF,27,GOVERNO DO ESTADO DE ALAGOAS,AL,Empréstimos,2514791238.07,False
2019,3,RGF-UF,27,GOVERNO DO ESTADO DE ALAGOAS,AL,Parcelamento e Renegociação de Dívidas,114530732.71,False
2019,3,RGF-UF,27,GOVERNO DO ESTADO DE ALAGOAS,AL,Disponibilidade de Caixa,1863841899.07,False
2019,3,RGF-UF,27,GOVERNO DO ESTADO DE ALAGOAS,AL,Disponibilidade de Caixa Bruta,1888678083.37,False
2019,3,RGF-UF,27,GOVERNO DO ESTADO DE ALAGOAS,AL,DÍVIDA CONSOLIDADA LÍQUIDA,6404121918.62,False
2024,3,RGF-UF,26,GOVERNO DO ESTADO DE PERNAMBUCO,PE,DÍVIDA CONSOLIDADA,18691576540.19,False
2024,3,RGF-UF,26,GOVERNO DO ESTADO DE PERNAMBUCO,PE,Empréstimos,14033426735.33,False
2024,3,RGF-UF,26,GOVERNO DO ESTADO DE PERNAMBUCO,PE,Parcelamento e Renegociação de Dívidas,17916791.74,False
2024,3,RGF-UF,26,GOVERNO DO ESTADO DE PERNAMBUCO,PE,Demais Dívidas Contratuais,436382.2,False
2024,3,RGF-UF,26,GOVERNO DO ESTADO DE PERNAMBUCO,PE,Precatórios (inclusive) Vencidos e Não Pagos,450776060.05,False
2024,3,RGF-UF,26,GOVERNO DO ESTADO DE PERNAMBUCO,PE,Disponibilidade de Caixa,5164575256.06,False
2024,3,RGF-UF,26,GOVERNO DO ESTADO DE PERNAMBUCO,PE,Disponibilidade de Caixa Bruta,7860288294.48,False
2024,3,RGF-UF,26,GOVERNO DO ESTADO DE PERNAMBUCO,PE,DÍVIDA CONSOLIDADA LÍQUIDA,13166810527.22,False
2024,3,RGF-UF,26,GOVERNO DO ESTADO DE PERNAMBUCO,PE,RECEITA CORRENTE LÍQUIDA,43811252907.17,False
2024,3,RGF-UF,26,GOVERNO DO ESTADO DE PERNAMBUCO,PE,RECEITA CORRENTE LÍQUIDA AJUSTADA,43791401577.45,False
2024,3,RGF-UF,26,GOVERNO DO ESTADO DE PERNAMBUCO,PE,% da DC sobre a RCL AJUSTADA,42.68,False
2024,3,RGF-UF,26,GOVERNO DO ESTADO DE PERNAMBUCO,PE,% da DCL sobre a RCL AJUSTADA,30.07,False
2023,3,RGF-UF,29,GOVERNO DO ESTADO DA BAHIA,BA,DÍVIDA CONSOLIDADA,30765769434.58,False
2023,3,RGF-UF,29,GOVERNO DO ESTADO DA BAHIA,BA,Parcelamento e Renegociação de Dívidas,356051936.23,False
2023,3,RGF-UF,29,GOVERNO DO ESTADO DA BAHIA,BA,Precatórios (inclusive) Vencidos e Não Pagos,8455346127.91,False
2023,3,RGF-UF,29,GOVERNO DO ESTADO DA BAHIA,BA,Disponibilidade de Caixa,8884950443.68,False
2023,3,RGF-UF,29,GOVERNO DO ESTADO DA BAHIA,BA,Disponibilidade de Caixa Bruta,11633868482.45,False
2023,3,RGF-UF,29,GOVERNO DO ESTADO DA BAHIA,BA,DÍVIDA CONSOLIDADA LÍQUIDA,20841097280.44,False
2023,3,RGF-UF,29,GOVERNO DO ESTADO DA BAHIA,BA,RECEITA CORRENTE LÍQUIDA,57229420301.19,False
2023,3,RGF-UF,29,GOVERNO DO ESTADO DA BAHIA,BA,% da DC sobre a RCL AJUSTADA,53.86,False
2023,3,RGF-UF,29,GOVERNO DO ESTADO DA BAHIA,BA,% da DCL sobre a RCL AJUSTADA,36.48,False
2023,3,RGF-UF,22,GOVERNO DO ESTADO DO PIAUI,PI,DÍVIDA CONSOLIDADA,10502539880.0,False
2023,3,RGF-UF,22,GOVERNO DO ESTADO DO PIAUI,PI,Empréstimos,7998451537.16,False
2023,3,RGF-UF,22,GOVERNO DO ESTADO DO PIAUI,PI,Parcelamento e Renegociação de Dívidas,174064001.4,False
2023,3,RGF-UF,22,GOVERNO DO ESTADO DO PIAUI,PI,Demais Dívidas Contratuais,87173706.45,False
2023,3,RGF-UF,22,GOVERNO DO ESTADO DO PIAUI,PI,Precatórios (inclusive) Vencidos e Não Pagos,2137693486.83,False
2023,3,RGF-UF,22,GOVERNO DO ESTADO DO PIAUI,PI,Disponibilidade de Caixa,3186111896.31,False
2023,3,RGF-UF,22,GOVERNO DO ESTADO DO PIAUI,PI,Disponibilidade de Caixa Bruta,4099864140.05,False
2023,3,RGF-UF,22,GOVERNO DO ESTADO DO PIAUI,PI,DÍVIDA CONSOLIDADA LÍQUIDA,7236756157.34,False
2023,3,RGF-UF,22,GOVERNO DO ESTADO DO PIAUI,PI,RECEITA CORRENTE LÍQUIDA,15380829481.76,False
2023,3,RGF-UF,22,GOVERNO DO ESTADO DO PIAUI,PI,% da DC sobre a RCL AJUSTADA,68.3,False
2023,3,RGF-UF,22,GOVERNO DO ESTADO DO PIAUI,PI,% da DCL sobre a RCL AJUSTADA,47.06,False
2023,3,RGF-UF,22,GOVERNO DO ESTADO DO PIAUI,PI,Precatórios (Não incluídos na DC),295600220.79,False
2022,3,RGF-UF,24,GOVERNO DO ESTADO DO RIO GRANDE DO NORTE,RN,DÍVIDA CONSOLIDADA,4892746221.31,False
2022,3,RGF-UF,24,GOVERNO DO ESTADO DO RIO GRANDE DO NORTE,RN,Empréstimos,2237922852.04,False
2022,3,RGF-UF,24,GOVERNO DO ESTADO DO RIO GRANDE DO NORTE,RN,Parcelamento e Renegociação de Dívidas,147355102.5,False
2022,3,RGF-UF,24,GOVERNO DO ESTADO DO RIO GRANDE DO NORTE,RN,Precatórios (inclusive) Vencidos e Não Pagos,1778186337.57,False
2022,3,RGF-UF,24,GOVERNO DO ESTADO DO RIO GRANDE DO NORTE,RN,Disponibilidade de Caixa,316858678.41,False
2022,3,RGF-UF,24,GOVERNO DO ESTADO DO RIO GRANDE DO NORTE,RN,Disponibilidade de Caixa Bruta,1556259314.31,False
2022,3,RGF-UF,24,GOVERNO DO ESTADO DO RIO GRANDE DO NORTE,RN,DÍVIDA CONSOLIDADA LÍQUIDA,4289752898.32,False
2022,3,RGF-UF,24,GOVERNO DO ESTADO DO RIO GRANDE DO NORTE,RN,RECEITA CORRENTE LÍQUIDA,14259524062.3,False
2022,3,RGF-UF,24,GOVERNO DO ESTADO DO RIO GRANDE DO NORTE,RN,% da DC sobre a RCL AJUSTADA,34.31,False
2022,3,RGF-UF,24,GOVERNO DO ESTADO DO RIO GRANDE DO NORTE,RN,% da DCL sobre a RCL AJUSTADA,30.08,False
2022,3,RGF-UF,24,GOVERNO DO ESTADO DO RIO GRANDE DO NORTE,RN,Precatórios (Não incluídos na DC),356453621.33,False
2021,3,RGF-UF,26,GOVERNO DO ESTADO DE PERNAMBUCO,PE,DÍVIDA CONSOLIDADA,16953181379.32,False
2021,3,RGF-UF,26,GOVERNO DO ESTADO DE PERNAMBUCO,PE,Empréstimos,13000165427.46,False
2021,3,RGF-UF,26,GOVERNO DO ESTADO DE PERNAMBUCO,PE,Parcelamento e Renegociação de Dívidas,58889143.42,False
2021,3,RGF-UF,26,GOVERNO DO ESTADO DE PERNAMBUCO,PE,Precatórios (inclusive) Vencidos e Não Pagos,315798720.09,False
2021,3,RGF-UF,26,GOVERNO DO ESTADO DE PERNAMBUCO,PE,Disponibilidade de Caixa,5275411726.9,False
2021,3,RGF-UF,26,GOVERNO DO ESTADO DE PERNAMBUCO,PE,Disponibilidade de Caixa Bruta,6286778304.64,False
2021,3,RGF-UF,26,GOVERNO DO ESTADO DE PERNAMBUCO,PE,DÍVIDA CONSOLIDADA LÍQUIDA,11325610707.1,False
2021,3,RGF-UF,26,GOVERNO DO ESTADO DE PERNAMBUCO,PE,RECEITA CORRENTE LÍQUIDA,31342387716.05,False
2021,3,RGF-UF,26,GOVERNO DO ESTADO DE PERNAMBUCO,PE,% da DC sobre a RCL AJUSTADA,54.1,False
2021,3,RGF-UF,26,GOVERNO DO ESTADO DE PERNAMBUCO,PE,% da DCL sobre a RCL AJUSTADA,36.14,False
2020,3,RGF-UF,28,GOVERNO DO ESTADO DE SERGIPE,SE,DÍVIDA CONSOLIDADA,4597012280.33,False
2020,3,RGF-UF,28,GOVERNO DO ESTADO DE SERGIPE,SE,Parcelamento e Renegociação de Dívidas,72935535.23,False
2020,3,RGF-UF,28,GOVERNO DO ESTADO DE SERGIPE,SE,Precatórios (inclusive) Vencidos e Não Pagos,1266751087.72,False
2020,3,RGF-UF,28,GOVERNO DO ESTADO DE SERGIPE,SE,Disponibilidade de Caixa,842714648.3,False
2020,3,RGF-UF,28,GOVERNO DO ESTADO DE SERGIPE,SE,Disponibilidade de Caixa Bruta,998492650.03,False
2020,3,RGF-UF,28,GOVERNO DO ESTADO DE SERGIPE,SE,DÍVIDA CONSOLIDADA LÍQUIDA,3364371947.53,False
2020,3,RGF-UF,28,GOVERNO DO ESTADO DE SERGIPE,SE,RECEITA CORRENTE LÍQUIDA,8724606234.62,False
2020,3,RGF-UF,28,GOVERNO DO ESTADO DE SERGIPE,SE,% da DC sobre a RCL AJUSTADA,52.84,False
2020,3,RGF-UF,28,GOVERNO DO ESTADO DE SERGIPE,SE,% da DCL sobre a RCL AJUSTADA,38.67,False
2020,3,RGF-UF,28,GOVERNO DO ESTADO DE SERGIPE,SE,Precatórios (Não incluídos na DC),87660137.38,False
2020,3,RGF-UF,21,GOVERNO DO ESTADO DO MARANHAO,MA,DÍVIDA CONSOLIDADA,7989634870.21,False
2020,3,RGF-UF,21,GOVERNO DO ESTADO DO MARANHAO,MA,Empréstimos,5384770648.49,False
2020,3,RGF-UF,21,GOVERNO DO ESTADO DO MARANHAO,MA,Precatórios (inclusive) Vencidos e Não Pagos,1634931927.73,False
2020,3,RGF-UF,21,GOVERNO DO ESTADO DO MARANHAO,MA,Disponibilidade de Caixa,1157762593.77,False
2020,3,RGF-UF,21,GOVERNO DO ESTADO DO MARANHAO,MA,Disponibilidade de Caixa Bruta,1799684368.16,False
2020,3,RGF-UF,21,GOVERNO DO ESTADO DO MARANHAO,MA,DÍVIDA CONSOLIDADA LÍQUIDA,6816589736.78,False
2020,3,RGF-UF,21,GOVERNO DO ESTADO DO MARANHAO,MA,RECEITA CORRENTE LÍQUIDA,16314807210.65,False
2020,3,RGF-UF,21,GOVERNO DO ESTADO DO MARANHAO,MA,% da DC sobre a RCL AJUSTADA,48.98,False
2020,3,RGF-UF,21,GOVERNO DO ESTADO DO MARANHAO,MA,% da DCL sobre a RCL AJUSTADA,41.79,False
2020,3,RGF-UF,21,GOVERNO DO ESTADO DO MARANHAO,MA,Precatórios (Não incluídos na DC),70990403.19,False
2019,3,RGF-UF,26,GOVERNO DO ESTADO DE PERNAMBUCO,PE,DÍVIDA CONSOLIDADA,15713771662.62,False
2019,3,RGF-UF,26,GOVERNO DO ESTADO DE PERNAMBUCO,PE,Empréstimos,11422419262.13,False
2019,3,RGF-UF,26,GOVERNO DO ESTADO DE PERNAMBUCO,PE,Parcelamento e Renegociação de Dívidas,79116115.67,False
2019,3,RGF-UF,26,GOVERNO DO ESTADO DE PERNAMBUCO,PE,Precatórios (inclusive) Vencidos e Não Pagos,527313938.06,False
2019,3,RGF-UF,26,GOVERNO DO ESTADO DE PERNAMBUCO,PE,Disponibilidade de Caixa,2372595932.52,False
2019,3,RGF-UF,26,GOVERNO DO ESTADO DE PERNAMBUCO,PE,Disponibilidade de Caixa Bruta,3390868077.97,False
2019,3,RGF-UF,26,GOVERNO DO ESTADO DE PERNAMBUCO,PE,DÍVIDA CONSOLIDADA LÍQUIDA,13257592921.29,False
2024,3,RGF-UF,27,GOVERNO DO ESTADO DE ALAGOAS,AL,DÍVIDA CONSOLIDADA,14571285205.34,False
2024,3,RGF-UF,27,GOVERNO DO ESTADO DE ALAGOAS,AL,Empréstimos,5702702388.79,False
2024,3,RGF-UF,27,GOVERNO DO ESTADO DE ALAGOAS,AL,Parcelamento e Renegociação de Dívidas,125806773.59,False
2024,3,RGF-UF,27,GOVERNO DO ESTADO DE ALAGOAS,AL,Disponibilidade de Caixa,1613736696.47,False
2024,3,RGF-UF,27,GOVERNO DO ESTADO DE ALAGOAS,AL,Disponibilidade de Caixa Bruta,2439765780.79,False
2024,3,RGF-UF,27,GOVERNO DO ESTADO DE ALAGOAS,AL,DÍVIDA CONSOLIDADA LÍQUIDA,12826319221.78,False
2024,3,RGF-UF,27,GOVERNO DO ESTADO DE ALAGOAS,AL,RECEITA CORRENTE LÍQUIDA,16937628981.2,False
2024,3,RGF-UF,27,GOVERNO DO ESTADO DE ALAGOAS,AL,RECEITA CORRENTE LÍQUIDA AJUSTADA,16921479078.2,False
2024,3,RGF-UF,27,GOVERNO DO ESTADO DE ALAGOAS,AL,% da DC sobre a RCL AJUSTADA,86.11,False
2024,3,RGF-UF,27,GOVERNO DO ESTADO DE ALAGOAS,AL,% da DCL sobre a RCL AJUSTADA,75.8,False
2023,3,RGF-UF,23,GOVERNO DO ESTADO DO CEARA,CE,DÍVIDA CONSOLIDADA,16956179101.93,False
2023,3,RGF-UF,23,GOVERNO DO ESTADO DO CEARA,CE,Empréstimos,14046198409.73,False
2023,3,RGF-UF,23,GOVERNO DO ESTADO DO CEARA,CE,Parcelamento e Renegociação de Dívidas,12959278.4,False
2023,3,RGF-UF,23,GOVERNO DO ESTADO DO CEARA,CE,Demais Dívidas Contratuais,262117816.04,False
2023,3,RGF-UF,23,GOVERNO DO ESTADO DO CEARA,CE,Precatórios (inclusive) Vencidos e Não Pagos,537929391.54,False
2023,3,RGF-UF,23,GOVERNO DO ESTADO DO CEARA,CE,Disponibilidade de Caixa,7111157872.26,False
2023,3,RGF-UF,23,GOVERNO DO ESTADO DO CEARA,CE,Disponibilidade de Caixa Bruta,8395784106.02,False
2023,3,RGF-UF,23,GOVERNO DO ESTADO DO CEARA,CE,DÍVIDA CONSOLIDADA LÍQUIDA,9501906885.65,False
2023,3,RGF-UF,23,GOVERNO DO ESTADO DO CEARA,CE,RECEITA CORRENTE LÍQUIDA,31973785169.88,False
2023,3,RGF-UF,23,GOVERNO DO ESTADO DO CEARA,CE,% da DC sobre a RCL AJUSTADA,53.06,False
2023,3,RGF-UF,23,GOVERNO DO ESTADO DO CEARA,CE,% da DCL sobre a RCL AJUSTADA,29.73,False
2023,3,RGF-UF,23,GOVERNO DO ESTADO DO CEARA,CE,Precatórios (Não incluídos na DC),30606994.13,False
2022,3,RGF-UF,25,GOVERNO DO ESTADO DA PARAIBA,PB,DÍVIDA CONSOLIDADA,5319107864.73,False
2022,3,RGF-UF,25,GOVERNO DO ESTADO DA PARAIBA,PB,Empréstimos,1229660915.94,False
2022,3,RGF-UF,25,GOVERNO DO ESTADO DA PARAIBA,PB,Parcelamento e Renegociação de Dívidas,152558033.38,False
2022,3,RGF-UF,25,GOVERNO DO ESTADO DA PARAIBA,PB,Precatórios (inclusive) Vencidos e Não Pagos,2528585272.36,False
2022,3,RGF-UF,25,GOVERNO DO ESTADO DA PARAIBA,PB,Disponibilidade de Caixa,5765415715.49,False
2022,3,RGF-UF,25,GOVERNO DO ESTADO DA PARAIBA,PB,Disponibilidade de Caixa Bruta,6280969686.69,False
2022,3,RGF-UF,25,GOVERNO DO ESTADO DA PARAIBA,PB,DÍVIDA CONSOLIDADA LÍQUIDA,-974981251.99,False
2022,3,RGF-UF,25,GOVERNO DO ESTADO DA PARAIBA,PB,RECEITA CORRENTE LÍQUIDA,15758982577.21,False
2022,3,RGF-UF,25,GOVERNO DO ESTADO DA PARAIBA,PB,% da DC sobre a RCL AJUSTADA,33.76,False
2022,3,RGF-UF,25,GOVERNO DO ESTADO DA PARAIBA,PB,% da DCL sobre a RCL AJUSTADA,-6.19,False
2021,3,RGF-UF,27,GOVERNO DO ESTADO DE ALAGOAS,AL,DÍVIDA CONSOLIDADA,9430213672.52,False
2021,3,RGF-UF,27,GOVERNO DO ESTADO DE ALAGOAS,AL,Empréstimos,3200055258.98,False
2021,3,RGF-UF,27,GOVERNO DO ESTADO DE ALAGOAS,AL,Parcelamento e Renegociação de Dívidas,100354692.39,False
2021,3,RGF-UF,27,GOVERNO DO ESTADO DE ALAGOAS,AL,Disponibilidade de Caixa,4133336429.78,False
2021,3,RGF-UF,27,GOVERNO DO ESTADO DE ALAGOAS,AL,Disponibilidade de Caixa Bruta,4166455354.46,False
2021,3,RGF-UF,27,GOVERNO DO ESTADO DE ALAGOAS,AL,DÍVIDA CONSOLIDADA LÍQUIDA,4758264282.23,False
2021,3,RGF-UF,27,GOVERNO DO ESTADO DE ALAGOAS,AL,RECEITA CORRENTE LÍQUIDA,12528914436.01,False
2021,3,RGF-UF,27,GOVERNO DO ESTADO DE ALAGOAS,AL,% da DC sobre a RCL AJUSTADA,75.27,False
2021,3,RGF-UF,27,GOVERNO DO ESTADO DE ALAGOAS,AL,% da DCL sobre a RCL AJUSTADA,37.98,False
2020,3,RGF-UF,29,GOVERNO DO ESTADO DA BAHIA,BA,DÍVIDA CONSOLIDADA,28616023649.63,False
2020,3,RGF-UF,29,GOVERNO DO ESTADO DA BAHIA,BA,Parcelamento e Renegociação de Dívidas,365108314.43,False
2020,3,RGF-UF,29,GOVERNO DO ESTADO DA BAHIA,BA,Precatórios (inclusive) Vencidos e Não Pagos,4904800199.31,False
2020,3,RGF-UF,29,GOVERNO DO ESTADO DA BAHIA,BA,Disponibilidade de Caixa,5822647243.01,False
2020,3,RGF-UF,29,GOVERNO DO ESTADO DA BAHIA,BA,Disponibilidade de Caixa Bruta,6278885498.67,False
2020,3,RGF-UF,29,GOVERNO DO ESTADO DA BAHIA,BA,DÍVIDA CONSOLIDADA LÍQUIDA,21511870767.47,False
2020,3,RGF-UF,29,GOVERNO DO ESTADO DA BAHIA,BA,RECEITA CORRENTE LÍQUIDA,37877609907.56,False
2020,3,RGF-UF,29,GOVERNO DO ESTADO DA BAHIA,BA,% da DC sobre a RCL AJUSTADA,75.65,False
2020,3,RGF-UF,29,GOVERNO DO ESTADO DA BAHIA,BA,% da DCL sobre a RCL AJUSTADA,56.87,False
2020,3,RGF-UF,22,GOVERNO DO ESTADO DO PIAUI,PI,DÍVIDA CONSOLIDADA,6620917010.43,False
2020,3,RGF-UF,22,GOVERNO DO ESTADO DO PIAUI,PI,Empréstimos,5637726917.41,False
2020,3,RGF-UF,22,GOVERNO DO ESTADO DO PIAUI,PI,Parcelamento e Renegociação de Dívidas,255805600.07,False
2020,3,RGF-UF,22,GOVERNO DO ESTADO DO PIAUI,PI,Demais Dívidas Contratuais,87173706.45,False
2020,3,RGF-UF,22,GOVERNO DO ESTADO DO PIAUI,PI,Precatórios (inclusive) Vencidos e Não Pagos,420544106.53,False
2020,3,RGF-UF,22,GOVERNO DO ESTADO DO PIAUI,PI,Disponibilidade de Caixa,2251178580.89,False
2020,3,RGF-UF,22,GOVERNO DO ESTADO DO PIAUI,PI,Disponibilidade de Caixa Bruta,3312311062.8,False
2020,3,RGF-UF,22,GOVERNO DO ESTADO DO PIAUI,PI,DÍVIDA CONSOLIDADA LÍQUIDA,4367120256.94,False
2020,3,RGF-UF,22,GOVERNO DO ESTADO DO PIAUI,PI,RECEITA CORRENTE LÍQUIDA,11769739826.7,False
2020,3,RGF-UF,22,GOVERNO DO ESTADO DO PIAUI,PI,% da DC sobre a RCL AJUSTADA,56.36,False
2020,3,RGF-UF,22,GOVERNO DO ESTADO DO PIAUI,PI,% da DCL sobre a RCL AJUSTADA,37.17,False
2020,3,RGF-UF,22,GOVERNO DO ESTADO DO PIAUI,PI,Precatórios (Não incluídos na DC),1093796421.41,False
