ano,ente,codigo,instituicao,conta,valor,coluna
2025,municipio,1100015,Prefeitura Municipal de Alta Floresta D'Oeste - RO,DÍVIDA CONSOLIDADA,6373916.11,Até o 2º Quadrimestre
2025,municipio,1100015,Prefeitura Municipal de Alta Floresta D'Oeste - RO,Precatórios (inclusive) Vencidos e Não Pagos,-157151.78,Até o 2º Quadrimestre
2025,municipio,1100015,Prefeitura Municipal de Alta Floresta D'Oeste - RO,Disponibilidade de Caixa,55425283.82,Até o 2º Quadrimestre
2025,municipio,1100015,Prefeitura Municipal de Alta Floresta D'Oeste - RO,Disponibilidade de Caixa Bruta,56054453.71,Até o 2º Quadrimestre
2025,municipio,1100015,Prefeitura Municipal de Alta Floresta D'Oeste - RO,RECEITA CORRENTE LÍQUIDA,133880441.9,Até o 2º Quadrimestre
2025,municipio,1100015,Prefeitura Municipal de Alta Floresta D'Oeste - RO,RECEITA CORRENTE LÍQUIDA AJUSTADA PARA CÁLCULO DOS LIMITES DE ENDIVIDAMENTO,133880441.9,Até o 2º Quadrimestre
2025,municipio,1100015,Prefeitura Municipal de Alta Floresta D'Oeste - RO,% da DC sobre a RCL AJUSTADA (I/VI),4.76,Até o 2º Quadrimestre
2025,municipio,1100015,Prefeitura Municipal de Alta Floresta D'Oeste - RO,% da DCL sobre a RCL AJUSTADA,-36.64,Até o 2º Quadrimestre
2025,municipio,1100023,Prefeitura Municipal de Ariquemes - RO,DÍVIDA CONSOLIDADA,56575845.4,Até o 2º Quadrimestre
2025,municipio,1100023,Prefeitura Municipal de Ariquemes - RO,Precatórios (inclusive) Vencidos e Não Pagos,11588138.05,Até o 2º Quadrimestre
2025,municipio,1100023,Prefeitura Municipal de Ariquemes - RO,Disponibilidade de Caixa,129255112.36,Até o 2º Quadrimestre
2025,municipio,1100023,Prefeitura Municipal de Ariquemes - RO,Disponibilidade de Caixa Bruta,130895775.91,Até o 2º Quadrimestre
2025,municipio,1100023,Prefeitura Municipal de Ariquemes - RO,RECEITA CORRENTE LÍQUIDA,500857592.34,Até o 2º Quadrimestre
2025,municipio,1100023,Prefeitura Municipal de Ariquemes - RO,RECEITA CORRENTE LÍQUIDA AJUSTADA PARA CÁLCULO DOS LIMITES DE ENDIVIDAMENTO,490221800.34,Até o 2º Quadrimestre
2025,municipio,1100023,Prefeitura Municipal de Ariquemes - RO,% da DC sobre a RCL AJUSTADA (I/VI),11.54,Até o 2º Quadrimestre
2025,municipio,1100023,Prefeitura Municipal de Ariquemes - RO,% da DCL sobre a RCL AJUSTADA,-15.54,Até o 2º Quadrimestre
2025,municipio,1100023,Prefeitura Municipal de Ariquemes - RO,Precatórios (Não incluídos na DC),506566.09,Até o 2º Quadrimestre
2025,municipio,1100379,Prefeitura Municipal de Alto Alegre dos Parecis - RO,DÍVIDA CONSOLIDADA,11457947.08,Até o 2º Quadrimestre
2025,municipio,1100379,Prefeitura Municipal de Alto Alegre dos Parecis - RO,Precatórios (inclusive) Vencidos e Não Pagos,3829049.26,Até o 2º Quadrimestre
2025,municipio,1100379,Prefeitura Municipal de Alto Alegre dos Parecis - RO,Disponibilidade de Caixa,27823149.83,Até o 2º Quadrimestre
2025,municipio,1100379,Prefeitura Municipal de Alto Alegre dos Parecis - RO,Disponibilidade de Caixa Bruta,28658718.89,Até o 2º Quadrimestre
2025,municipio,1100379,Prefeitura Municipal de Alto Alegre dos Parecis - RO,RECEITA CORRENTE LÍQUIDA,80478859.68,Até o 2º Quadrimestre
2025,municipio,1100379,Prefeitura Municipal de Alto Alegre dos Parecis - RO,RECEITA CORRENTE LÍQUIDA AJUSTADA PARA CÁLCULO DOS LIMITES DE ENDIVIDAMENTO,79114357.33,Até o 2º Quadrimestre
2025,municipio,1100379,Prefeitura Municipal de Alto Alegre dos Parecis - RO,% da DC sobre a RCL AJUSTADA (I/VI),14.48,Até o 2º Quadrimestre
2025,municipio,1100379,Prefeitura Municipal de Alto Alegre dos Parecis - RO,% da DCL sobre a RCL AJUSTADA,-20.69,Até o 2º Quadrimestre
2025,municipio,1100601,Prefeitura Municipal de Cacaulândia - RO,DÍVIDA CONSOLIDADA,585232.67,Até o 1º Semestre
2025,municipio,1100601,Prefeitura Municipal de Cacaulândia - RO,Disponibilidade de Caixa,21840349.92,Até o 1º Semestre
2025,municipio,1100601,Prefeitura Municipal de Cacaulândia - RO,Disponibilidade de Caixa Bruta,22192561.55,Até o 1º Semestre
2025,municipio,1100601,Prefeitura Municipal de Cacaulândia - RO,RECEITA CORRENTE LÍQUIDA,42621240.6,Até o 1º Semestre
2025,municipio,1100601,Prefeitura Municipal de Cacaulândia - RO,% da DC sobre a RCL AJUSTADA (I/VI),1.38,Até o 1º Semestre
2025,municipio,1100601,Prefeitura Municipal de Cacaulândia - RO,% da DCL sobre a RCL AJUSTADA,-50.13,Até o 1º Semestre
2025,municipio,1100601,Prefeitura Municipal de Cacaulândia - RO,Precatórios (Não incluídos na DC),150538.91,Até o 1º Semestre
2025,municipio,1100346,Prefeitura Municipal de Alvorada D'Oeste - RO,DÍVIDA CONSOLIDADA,7069339.03,Até o 1º Semestre
2025,municipio,1100346,Prefeitura Municipal de Alvorada D'Oeste - RO,Precatórios (inclusive) Vencidos e Não Pagos,1333710.04,Até o 1º Semestre
2025,municipio,1100346,Prefeitura Municipal de Alvorada D'Oeste - RO,Disponibilidade de Caixa,113612242.59,Até o 1º Semestre
2025,municipio,1100346,Prefeitura Municipal de Alvorada D'Oeste - RO,Disponibilidade de Caixa Bruta,114653868.03,Até o 1º Semestre
2025,municipio,1100346,Prefeitura Municipal de Alvorada D'Oeste - RO,RECEITA CORRENTE LÍQUIDA,77249719.0,Até o 1º Semestre
2025,municipio,1100346,Prefeitura Municipal de Alvorada D'Oeste - RO,% da DC sobre a RCL AJUSTADA (I/VI),9.41,Até o 1º Semestre
2025,municipio,1100346,Prefeitura Municipal de Alvorada D'Oeste - RO,% da DCL sobre a RCL AJUSTADA,-141.89,Até o 1º Semestre
2025,municipio,1100403,Prefeitura Municipal de Alto Paraíso - RO,Disponibilidade de Caixa,27689222.86,Até o 1º Semestre
2025,municipio,1100403,Prefeitura Municipal de Alto Paraíso - RO,Disponibilidade de Caixa Bruta,28085577.89,Até o 1º Semestre
2025,municipio,1100403,Prefeitura Municipal de Alto Paraíso - RO,RECEITA CORRENTE LÍQUIDA,97951516.01,Até o 1º Semestre
2025,municipio,1100403,Prefeitura Municipal de Alto Paraíso - RO,% da DCL sobre a RCL AJUSTADA,-28.52,Até o 1º Semestre
2025,municipio,1100403,Prefeitura Municipal de Alto Paraíso - RO,Precatórios (Não incluídos na DC),4680086.5,Até o 1º Semestre
2025,municipio,1100031,Prefeitura Municipal de Cabixi - RO,DÍVIDA CONSOLIDADA,16726.57,Até o 1º Semestre
2025,municipio,1100031,Prefeitura Municipal de Cabixi - RO,Disponibilidade de Caixa,-447368.58,Até o 1º Semestre
2025,municipio,1100031,Prefeitura Municipal de Cabixi - RO,RECEITA CORRENTE LÍQUIDA,48152101.71,Até o 1º Semestre
2025,municipio,1100031,Prefeitura Municipal de Cabixi - RO,% da DC sobre a RCL AJUSTADA (I/VI),0.03,Até o 1º Semestre
2025,municipio,1100031,Prefeitura Municipal de Cabixi - RO,% da DCL sobre a RCL AJUSTADA,0.97,Até o 1º Semestre
2025,municipio,1100049,Prefeitura Municipal de Cacoal - RO,DÍVIDA CONSOLIDADA,84490645.31,Até o 2º Quadrimestre
2025,municipio,1100049,Prefeitura Municipal de Cacoal - RO,Disponibilidade de Caixa,145344531.85,Até o 2º Quadrimestre
2025,municipio,1100049,Prefeitura Municipal de Cacoal - RO,Disponibilidade de Caixa Bruta,149144129.33,Até o 2º Quadrimestre
2025,municipio,1100049,Prefeitura Municipal de Cacoal - RO,RECEITA CORRENTE LÍQUIDA,428552356.43,Até o 2º Quadrimestre
2025,municipio,1100049,Prefeitura Municipal de Cacoal - RO,RECEITA CORRENTE LÍQUIDA AJUSTADA PARA CÁLCULO DOS LIMITES DE ENDIVIDAMENTO,422052356.43,Até o 2º Quadrimestre
2025,municipio,1100049,Prefeitura Municipal de Cacoal - RO,% da DC sobre a RCL AJUSTADA (I/VI),20.02,Até o 2º Quadrimestre
2025,municipio,1100049,Prefeitura Municipal de Cacoal - RO,% da DCL sobre a RCL AJUSTADA,-14.44,Até o 2º Quadrimestre
2025,municipio,1100049,Prefeitura Municipal de Cacoal - RO,Precatórios (Não incluídos na DC),1248205.21,Até o 2º Quadrimestre
2025,municipio,1100452,Prefeitura Municipal de Buritis - RO,DÍVIDA CONSOLIDADA,18363091.91,Até o 1º Semestre
2025,municipio,1100452,Prefeitura Municipal de Buritis - RO,Disponibilidade de Caixa,57786296.27,Até o 1º Semestre
2025,municipio,1100452,Prefeitura Municipal de Buritis - RO,Disponibilidade de Caixa Bruta,58954299.1,Até o 1º Semestre
2025,municipio,1100452,Prefeitura Municipal de Buritis - RO,RECEITA CORRENTE LÍQUIDA,134324283.8,Até o 1º Semestre
2025,municipio,1100452,Prefeitura Municipal de Buritis - RO,% da DC sobre a RCL AJUSTADA (I/VI),13.74,Até o 1º Semestre
2025,municipio,1100452,Prefeitura Municipal de Buritis - RO,% da DCL sobre a RCL AJUSTADA,-29.94,Até o 1º Semestre
2025,municipio,1100452,Prefeitura Municipal de Buritis - RO,Precatórios (Não incluídos na DC),6056620.2,Até o 1º Semestre
2025,municipio,1100809,Prefeitura Municipal de Candeias do Jamari - RO,DÍVIDA CONSOLIDADA,14771781.25,Até o 2º Quadrimestre
2025,municipio,1100809,Prefeitura Municipal de Candeias do Jamari - RO,Disponibilidade de Caixa,24909924.71,Até o 2º Quadrimestre
2025,municipio,1100809,Prefeitura Municipal de Candeias do Jamari - RO,Disponibilidade de Caixa Bruta,33931566.42,Até o 2º Quadrimestre
2025,municipio,1100809,Prefeitura Municipal de Candeias do Jamari - RO,RECEITA CORRENTE LÍQUIDA,116637783.34,Até o 2º Quadrimestre
2025,municipio,1100809,Prefeitura Municipal de Candeias do Jamari - RO,RECEITA CORRENTE LÍQUIDA AJUSTADA PARA CÁLCULO DOS LIMITES DE ENDIVIDAMENTO,116637783.34,Até o 2º Quadrimestre
2025,municipio,1100809,Prefeitura Municipal de Candeias do Jamari - RO,% da DC sobre a RCL AJUSTADA (I/VI),12.66,Até o 2º Quadrimestre
2025,municipio,1100809,Prefeitura Municipal de Candeias do Jamari - RO,% da DCL sobre a RCL AJUSTADA,-8.75,Até o 2º Quadrimestre
2025,municipio,1100908,Prefeitura Municipal de Castanheiras - RO,DÍVIDA CONSOLIDADA,5131128.89,Até o 2º Quadrimestre
2025,municipio,1100908,Prefeitura Municipal de Castanheiras - RO,Disponibilidade de Caixa,9856016.87,Até o 2º Quadrimestre
2025,municipio,1100908,Prefeitura Municipal de Castanheiras - RO,Disponibilidade de Caixa Bruta,10196827.45,Até o 2º Quadrimestre
2025,municipio,1100908,Prefeitura Municipal de Castanheiras - RO,RECEITA CORRENTE LÍQUIDA,37216702.79,Até o 2º Quadrimestre
2025,municipio,1100908,Prefeitura Municipal de Castanheiras - RO,RECEITA CORRENTE LÍQUIDA AJUSTADA PARA CÁLCULO DOS LIMITES DE ENDIVIDAMENTO,36666702.79,Até o 2º Quadrimestre
2025,municipio,1100908,Prefeitura Municipal de Castanheiras - RO,% da DC sobre a RCL AJUSTADA (I/VI),13.99,Até o 2º Quadrimestre
2025,municipio,1100908,Prefeitura Municipal de Castanheiras - RO,% da DCL sobre a RCL AJUSTADA,-12.91,Até o 2º Quadrimestre
2025,municipio,1100700,Prefeitura Municipal de Campo Novo de Rondônia - RO,DÍVIDA CONSOLIDADA,19364888.21,Até o 1º Semestre
2025,municipio,1100700,Prefeitura Municipal de Campo Novo de Rondônia - RO,Disponibilidade de Caixa,25066861.97,Até o 1º Semestre
2025,municipio,1100700,Prefeitura Municipal de Campo Novo de Rondônia - RO,Disponibilidade de Caixa Bruta,25651636.52,Até o 1º Semestre
2025,municipio,1100700,Prefeitura Municipal de Campo Novo de Rondônia - RO,RECEITA CORRENTE LÍQUIDA,76425304.43,Até o 1º Semestre
2025,municipio,1100700,Prefeitura Municipal de Campo Novo de Rondônia - RO,% da DC sobre a RCL AJUSTADA (I/VI),26.29,Até o 1º Semestre
2025,municipio,1100700,Prefeitura Municipal de Campo Novo de Rondônia - RO,% da DCL sobre a RCL AJUSTADA,-7.74,Até o 1º Semestre
2025,municipio,1100700,Prefeitura Municipal de Campo Novo de Rondônia - RO,Precatórios (Não incluídos na DC),131444.75,Até o 1º Semestre
2025,municipio,1100072,Prefeitura Municipal de Corumbiara - RO,DÍVIDA CONSOLIDADA,17679.93,Até o 1º Semestre
2025,municipio,1100072,Prefeitura Municipal de Corumbiara - RO,Disponibilidade de Caixa,48621717.77,Até o 1º Semestre
2025,municipio,1100072,Prefeitura Municipal de Corumbiara - RO,Disponibilidade de Caixa Bruta,49077245.32,Até o 1º Semestre
2025,municipio,1100072,Prefeitura Municipal de Corumbiara - RO,RECEITA CORRENTE LÍQUIDA,73947834.9,Até o 1º Semestre
2025,municipio,1100072,Prefeitura Municipal de Corumbiara - RO,% da DC sobre a RCL AJUSTADA (I/VI),0.02,Até o 1º Semestre
2025,municipio,1100072,Prefeitura Municipal de Corumbiara - RO,% da DCL sobre a RCL AJUSTADA,-65.73,Até o 1º Semestre
2025,municipio,1100072,Prefeitura Municipal de Corumbiara - RO,Precatórios (Não incluídos na DC),52117.38,Até o 1º Semestre
2025,municipio,1100056,Prefeitura Municipal de Cerejeiras - RO,DÍVIDA CONSOLIDADA,22891.02,Até o 1º Semestre
2025,municipio,1100056,Prefeitura Municipal de Cerejeiras - RO,Disponibilidade de Caixa,65604776.36,Até o 1º Semestre
2025,municipio,1100056,Prefeitura Municipal de Cerejeiras - RO,Disponibilidade de Caixa Bruta,66820749.25,Até o 1º Semestre
2025,municipio,1100056,Prefeitura Municipal de Cerejeiras - RO,RECEITA CORRENTE LÍQUIDA,111614311.67,Até o 1º Semestre
2025,municipio,1100056,Prefeitura Municipal de Cerejeiras - RO,% da DC sobre a RCL AJUSTADA (I/VI),0.02,Até o 1º Semestre
2025,municipio,1100056,Prefeitura Municipal de Cerejeiras - RO,% da DCL sobre a RCL AJUSTADA,-58.84,Até o 1º Semestre
2025,municipio,1100056,Prefeitura Municipal de Cerejeiras - RO,Precatórios (Não incluídos na DC),704387.87,Até o 1º Semestre
2025,municipio,1100064,Prefeitura Municipal de Colorado do Oeste - RO,DÍVIDA CONSOLIDADA,17864984.62,Até o 1º Semestre
2025,municipio,1100064,Prefeitura Municipal de Colorado do Oeste - RO,Precatórios (inclusive) Vencidos e Não Pagos,682618.64,Até o 1º Semestre
2025,municipio,1100064,Prefeitura Municipal de Colorado do Oeste - RO,Disponibilidade de Caixa,26923466.53,Até o 1º Semestre
2025,municipio,1100064,Prefeitura Municipal de Colorado do Oeste - RO,Disponibilidade de Caixa Bruta,27366469.91,Até o 1º Semestre
2025,municipio,1100064,Prefeitura Municipal de Colorado do Oeste - RO,RECEITA CORRENTE LÍQUIDA,93316276.9,Até o 1º Semestre
2025,municipio,1100064,Prefeitura Municipal de Colorado do Oeste - RO,% da DC sobre a RCL AJUSTADA (I/VI),19.24,Até o 1º Semestre
2025,municipio,1100064,Prefeitura Municipal de Colorado do Oeste - RO,% da DCL sobre a RCL AJUSTADA,-10.1,Até o 1º Semestre
2025,municipio,1100080,Prefeitura Municipal de Costa Marques - RO,DÍVIDA CONSOLIDADA,20405144.34,Até o 1º Semestre
2025,municipio,1100080,Prefeitura Municipal de Costa Marques - RO,Precatórios (inclusive) Vencidos e Não Pagos,3665556.45,Até o 1º Semestre
2025,municipio,1100080,Prefeitura Municipal de Costa Marques - RO,Disponibilidade de Caixa,21683331.68,Até o 1º Semestre
2025,municipio,1100080,Prefeitura Municipal de Costa Marques - RO,Disponibilidade de Caixa Bruta,24290331.87,Até o 1º Semestre
2025,municipio,1100080,Prefeitura Municipal de Costa Marques - RO,RECEITA CORRENTE LÍQUIDA,77984476.03,Até o 1º Semestre
2025,municipio,1100080,Prefeitura Municipal de Costa Marques - RO,% da DC sobre a RCL AJUSTADA (I/VI),26.17,Até o 1º Semestre
2025,municipio,1100080,Prefeitura Municipal de Costa Marques - RO,% da DCL sobre a RCL AJUSTADA,-1.64,Até o 1º Semestre
2025,municipio,1100924,Prefeitura Municipal de Chupinguaia - RO,DÍVIDA CONSOLIDADA,1587092.74,Até o 1º Semestre
2025,municipio,1100924,Prefeitura Municipal de Chupinguaia - RO,Disponibilidade de Caixa,35852561.42,Até o 1º Semestre
2025,municipio,1100924,Prefeitura Municipal de Chupinguaia - RO,Disponibilidade de Caixa Bruta,37044660.35,Até o 1º Semestre
2025,municipio,1100924,Prefeitura Municipal de Chupinguaia - RO,RECEITA CORRENTE LÍQUIDA,92276763.45,Até o 1º Semestre
2025,municipio,1100924,Prefeitura Municipal de Chupinguaia - RO,% da DC sobre a RCL AJUSTADA (I/VI),1.73,Até o 1º Semestre
2025,municipio,1100924,Prefeitura Municipal de Chupinguaia - RO,% da DCL sobre a RCL AJUSTADA,-37.35,Até o 1º Semestre
2025,municipio,1100924,Prefeitura Municipal de Chupinguaia - RO,Precatórios (Não incluídos na DC),186475.98,Até o 1º Semestre
2025,municipio,1100940,Prefeitura Municipal de Cujubim - RO,DÍVIDA CONSOLIDADA,19169157.53,Até o 1º Semestre
2025,municipio,1100940,Prefeitura Municipal de Cujubim - RO,Disponibilidade de Caixa,35195283.17,Até o 1º Semestre
2025,municipio,1100940,Prefeitura Municipal de Cujubim - RO,Disponibilidade de Caixa Bruta,36914148.91,Até o 1º Semestre
2025,municipio,1100940,Prefeitura Municipal de Cujubim - RO,RECEITA CORRENTE LÍQUIDA,133216908.14,Até o 1º Semestre
2025,municipio,1100940,Prefeitura Municipal de Cujubim - RO,% da DC sobre a RCL AJUSTADA (I/VI),14.51,Até o 1º Semestre
2025,municipio,1100940,Prefeitura Municipal de Cujubim - RO,% da DCL sobre a RCL AJUSTADA,-12.16,Até o 1º Semestre
2025,municipio,1100940,Prefeitura Municipal de Cujubim - RO,Precatórios (Não incluídos na DC),1152816.41,Até o 1º Semestre
2025,municipio,1100098,Prefeitura Municipal de Espigão D'Oeste - RO,DÍVIDA CONSOLIDADA,5891576.43,Até o 1º Semestre
2025,municipio,1100098,Prefeitura Municipal de Espigão D'Oeste - RO,Disponibilidade de Caixa,59974525.6,Até o 1º Semestre
2025,municipio,1100098,Prefeitura Municipal de Espigão D'Oeste - RO,Disponibilidade de Caixa Bruta,61460901.2,Até o 1º Semestre
2025,municipio,1100098,Prefeitura Municipal de Espigão D'Oeste - RO,RECEITA CORRENTE LÍQUIDA,140136742.64,Até o 1º Semestre
2025,municipio,1100098,Prefeitura Municipal de Espigão D'Oeste - RO,% da DC sobre a RCL AJUSTADA (I/VI),4.35,Até o 1º Semestre
2025,municipio,1100098,Prefeitura Municipal de Espigão D'Oeste - RO,% da DCL sobre a RCL AJUSTADA,-39.89,Até o 1º Semestre
2025,municipio,1100098,Prefeitura Municipal de Espigão D'Oeste - RO,Precatórios (Não incluídos na DC),1638219.72,Até o 1º Semestre
2025,municipio,1101005,Prefeitura Municipal de Governador Jorge Teixeira - RO,DÍVIDA CONSOLIDADA,2850134.12,Até o 1º Semestre
2025,municipio,1101005,Prefeitura Municipal de Governador Jorge Teixeira - RO,Disponibilidade de Caixa,11432124.6,Até o 1º Semestre
2025,municipio,1101005,Prefeitura Municipal de Governador Jorge Teixeira - RO,Disponibilidade de Caixa Bruta,12056434.79,Até o 1º Semestre
2025,municipio,1101005,Prefeitura Municipal de Governador Jorge Teixeira - RO,RECEITA CORRENTE LÍQUIDA,54889040.21,Até o 1º Semestre
2025,municipio,1101005,Prefeitura Municipal de Governador Jorge Teixeira - RO,% da DC sobre a RCL AJUSTADA (I/VI),5.27,Até o 1º Semestre
2025,municipio,1101005,Prefeitura Municipal de Governador Jorge Teixeira - RO,% da DCL sobre a RCL AJUSTADA,-16.04,Até o 1º Semestre
2025,municipio,1101005,Prefeitura Municipal de Governador Jorge Teixeira - RO,Precatórios (Não incluídos na DC),80505.15,Até o 1º Semestre
2025,municipio,1100106,Prefeitura Municipal de Guajará-Mirim - RO,DÍVIDA CONSOLIDADA,61936997.36,Até o 2º Quadrimestre
2025,municipio,1100106,Prefeitura Municipal de Guajará-Mirim - RO,Precatórios (inclusive) Vencidos e Não Pagos,39409403.2,Até o 2º Quadrimestre
2025,municipio,1100106,Prefeitura Municipal de Guajará-Mirim - RO,Disponibilidade de Caixa,-2260639.4,Até o 2º Quadrimestre
2025,municipio,1100106,Prefeitura Municipal de Guajará-Mirim - RO,RECEITA CORRENTE LÍQUIDA,179048861.05,Até o 2º Quadrimestre
2025,municipio,1100106,Prefeitura Municipal de Guajará-Mirim - RO,RECEITA CORRENTE LÍQUIDA AJUSTADA PARA CÁLCULO DOS LIMITES DE ENDIVIDAMENTO,177443265.58,Até o 2º Quadrimestre
2025,municipio,1100106,Prefeitura Municipal de Guajará-Mirim - RO,% da DC sobre a RCL AJUSTADA (I/VI),34.91,Até o 2º Quadrimestre
2025,municipio,1100106,Prefeitura Municipal de Guajará-Mirim - RO,% da DCL sobre a RCL AJUSTADA,36.18,Até o 2º Quadrimestre
2025,municipio,1101104,Prefeitura Municipal de Itapuã do Oeste - RO,DÍVIDA CONSOLIDADA,3903707.74,Até o 2º Quadrimestre
2025,municipio,1101104,Prefeitura Municipal de Itapuã do Oeste - RO,Disponibilidade de Caixa,46555412.15,Até o 2º Quadrimestre
2025,municipio,1101104,Prefeitura Municipal de Itapuã do Oeste - RO,Disponibilidade de Caixa Bruta,46971607.3,Até o 2º Quadrimestre
2025,municipio,1101104,Prefeitura Municipal de Itapuã do Oeste - RO,RECEITA CORRENTE LÍQUIDA,67978750.39,Até o 2º Quadrimestre
2025,municipio,1101104,Prefeitura Municipal de Itapuã do Oeste - RO,RECEITA CORRENTE LÍQUIDA AJUSTADA PARA CÁLCULO DOS LIMITES DE ENDIVIDAMENTO,66858552.36,Até o 2º Quadrimestre
2025,municipio,1101104,Prefeitura Municipal de Itapuã do Oeste - RO,% da DC sobre a RCL AJUSTADA (I/VI),5.84,Até o 2º Quadrimestre
2025,municipio,1101104,Prefeitura Municipal de Itapuã do Oeste - RO,% da DCL sobre a RCL AJUSTADA,-63.81,Até o 2º Quadrimestre
2025,municipio,1101104,Prefeitura Municipal de Itapuã do Oeste - RO,Precatórios (Não incluídos na DC),7904.01,Até o 2º Quadrimestre
2025,municipio,1100148,Prefeitura Municipal de Nova Brasilândia D'Oeste - RO,DÍVIDA CONSOLIDADA,5110929.13,Até o 3º Quadrimestre
2025,municipio,1100148,Prefeitura Municipal de Nova Brasilândia D'Oeste - RO,Precatórios (inclusive) Vencidos e Não Pagos,672046.07,Até o 3º Quadrimestre
2025,municipio,1100148,Prefeitura Municipal de Nova Brasilândia D'Oeste - RO,Disponibilidade de Caixa,29886439.5,Até o 3º Quadrimestre
2025,municipio,1100148,Prefeitura Municipal de Nova Brasilândia D'Oeste - RO,Disponibilidade de Caixa Bruta,31633301.6,Até o 3º Quadrimestre
2025,municipio,1100148,Prefeitura Municipal de Nova Brasilândia D'Oeste - RO,RECEITA CORRENTE LÍQUIDA,108430574.66,Até o 3º Quadrimestre
2025,municipio,1100148,Prefeitura Municipal de Nova Brasilândia D'Oeste - RO,RECEITA CORRENTE LÍQUIDA AJUSTADA PARA CÁLCULO DOS LIMITES DE ENDIVIDAMENTO,106313023.66,Até o 3º Quadrimestre
2025,municipio,1100148,Prefeitura Municipal de Nova Brasilândia D'Oeste - RO,% da DC sobre a RCL AJUSTADA (I/VI),4.81,Até o 3º Quadrimestre
2025,municipio,1100148,Prefeitura Municipal de Nova Brasilândia D'Oeste - RO,% da DCL sobre a RCL AJUSTADA,-23.31,Até o 3º Quadrimestre
2025,municipio,1100114,Prefeitura Municipal de Jaru - RO,DÍVIDA CONSOLIDADA,56709158.31,Até o 2º Quadrimestre
2025,municipio,1100114,Prefeitura Municipal de Jaru - RO,Disponibilidade de Caixa,131902873.46,Até o 2º Quadrimestre
2025,municipio,1100114,Prefeitura Municipal de Jaru - RO,Disponibilidade de Caixa Bruta,133033196.15,Até o 2º Quadrimestre
2025,municipio,1100114,Prefeitura Municipal de Jaru - RO,RECEITA CORRENTE LÍQUIDA,249553356.1,Até o 2º Quadrimestre
2025,municipio,1100114,Prefeitura Municipal de Jaru - RO,RECEITA CORRENTE LÍQUIDA AJUSTADA PARA CÁLCULO DOS LIMITES DE ENDIVIDAMENTO,246353356.1,Até o 2º Quadrimestre
2025,municipio,1100114,Prefeitura Municipal de Jaru - RO,% da DC sobre a RCL AJUSTADA (I/VI),23.02,Até o 2º Quadrimestre
2025,municipio,1100114,Prefeitura Municipal de Jaru - RO,% da DCL sobre a RCL AJUSTADA,-30.52,Até o 2º Quadrimestre
2025,municipio,1100114,Prefeitura Municipal de Jaru - RO,Precatórios (Não incluídos na DC),662496.19,Até o 2º Quadrimestre
2025,municipio,1100122,Prefeitura Municipal de Ji-Paraná - RO,DÍVIDA CONSOLIDADA,84363435.34,Até o 2º Quadrimestre
2025,municipio,1100122,Prefeitura Municipal de Ji-Paraná - RO,Precatórios (inclusive) Vencidos e Não Pagos,15762110.79,Até o 2º Quadrimestre
2025,municipio,1100122,Prefeitura Municipal de Ji-Paraná - RO,Disponibilidade de Caixa,271314442.38,Até o 2º Quadrimestre
2025,municipio,1100122,Prefeitura Municipal de Ji-Paraná - RO,Disponibilidade de Caixa Bruta,275556633.57,Até o 2º Quadrimestre
2025,municipio,1100122,Prefeitura Municipal de Ji-Paraná - RO,RECEITA CORRENTE LÍQUIDA,534630521.01,Até o 2º Quadrimestre
2025,municipio,1100122,Prefeitura Municipal de Ji-Paraná - RO,RECEITA CORRENTE LÍQUIDA AJUSTADA PARA CÁLCULO DOS LIMITES DE ENDIVIDAMENTO,519630474.01,Até o 2º Quadrimestre
2025,municipio,1100122,Prefeitura Municipal de Ji-Paraná - RO,% da DC sobre a RCL AJUSTADA (I/VI),16.24,Até o 2º Quadrimestre
2025,municipio,1100122,Prefeitura Municipal de Ji-Paraná - RO,% da DCL sobre a RCL AJUSTADA,-36.19,Até o 2º Quadrimestre
2025,municipio,1100130,Prefeitura Municipal de Machadinho D'Oeste - RO,DÍVIDA CONSOLIDADA,12148791.61,Até o 2º Quadrimestre
2025,municipio,1100130,Prefeitura Municipal de Machadinho D'Oeste - RO,Disponibilidade de Caixa,58447449.6,Até o 2º Quadrimestre
2025,municipio,1100130,Prefeitura Municipal de Machadinho D'Oeste - RO,Disponibilidade de Caixa Bruta,59058600.5,Até o 2º Quadrimestre
2025,municipio,1100130,Prefeitura Municipal de Machadinho D'Oeste - RO,RECEITA CORRENTE LÍQUIDA,168879282.22,Até o 2º Quadrimestre
2025,municipio,1100130,Prefeitura Municipal de Machadinho D'Oeste - RO,RECEITA CORRENTE LÍQUIDA AJUSTADA PARA CÁLCULO DOS LIMITES DE ENDIVIDAMENTO,163003261.87,Até o 2º Quadrimestre
2025,municipio,1100130,Prefeitura Municipal de Machadinho D'Oeste - RO,% da DC sobre a RCL AJUSTADA (I/VI),7.45,Até o 2º Quadrimestre
2025,municipio,1100130,Prefeitura Municipal de Machadinho D'Oeste - RO,% da DCL sobre a RCL AJUSTADA,-28.4,Até o 2º Quadrimestre
2025,municipio,1100130,Prefeitura Municipal de Machadinho D'Oeste - RO,Precatórios (Não incluídos na DC),3722148.4,Até o 2º Quadrimestre
2025,municipio,1101203,Prefeitura Municipal de Ministro Andreazza - RO,DÍVIDA CONSOLIDADA,784651.71,Até o 2º Quadrimestre
2025,municipio,1101203,Prefeitura Municipal de Ministro Andreazza - RO,Disponibilidade de Caixa,29604264.25,Até o 2º Quadrimestre
2025,municipio,1101203,Prefeitura Municipal de Ministro Andreazza - RO,Disponibilidade de Caixa Bruta,30620520.97,Até o 2º Quadrimestre
2025,municipio,1101203,Prefeitura Municipal de Ministro Andreazza - RO,RECEITA CORRENTE LÍQUIDA,51634385.88,Até o 2º Quadrimestre
2025,municipio,1101203,Prefeitura Municipal de Ministro Andreazza - RO,RECEITA CORRENTE LÍQUIDA AJUSTADA PARA CÁLCULO DOS LIMITES DE ENDIVIDAMENTO,51634385.88,Até o 2º Quadrimestre
2025,municipio,1101203,Prefeitura Municipal de Ministro Andreazza - RO,% da DC sobre a RCL AJUSTADA (I/VI),1.52,Até o 2º Quadrimestre
2025,municipio,1101203,Prefeitura Municipal de Ministro Andreazza - RO,% da DCL sobre a RCL AJUSTADA,-55.81,Até o 2º Quadrimestre
2025,municipio,1100155,Prefeitura Municipal de Ouro Preto do Oeste - RO,DÍVIDA CONSOLIDADA,9670935.49,Até o 2º Quadrimestre
2025,municipio,1100155,Prefeitura Municipal de Ouro Preto do Oeste - RO,Disponibilidade de Caixa,72836168.27,Até o 2º Quadrimestre
2025,municipio,1100155,Prefeitura Municipal de Ouro Preto do Oeste - RO,Disponibilidade de Caixa Bruta,73331226.44,Até o 2º Quadrimestre
2025,municipio,1100155,Prefeitura Municipal de Ouro Preto do Oeste - RO,RECEITA CORRENTE LÍQUIDA,175113423.66,Até o 2º Quadrimestre
2025,municipio,1100155,Prefeitura Municipal de Ouro Preto do Oeste - RO,RECEITA CORRENTE LÍQUIDA AJUSTADA PARA CÁLCULO DOS LIMITES DE ENDIVIDAMENTO,174113423.66,Até o 2º Quadrimestre
2025,municipio,1100155,Prefeitura Municipal de Ouro Preto do Oeste - RO,% da DC sobre a RCL AJUSTADA (I/VI),5.55,Até o 2º Quadrimestre
2025,municipio,1100155,Prefeitura Municipal de Ouro Preto do Oeste - RO,% da DCL sobre a RCL AJUSTADA,-36.31,Até o 2º Quadrimestre
2025,municipio,1100155,Prefeitura Municipal de Ouro Preto do Oeste - RO,Precatórios (Não incluídos na DC),460819.97,Até o 2º Quadrimestre
2025,municipio,1100502,Prefeitura Municipal de Novo Horizonte do Oeste - RO,DÍVIDA CONSOLIDADA,4082951.32,Até o 2º Quadrimestre
2025,municipio,1100502,Prefeitura Municipal de Novo Horizonte do Oeste - RO,Disponibilidade de Caixa,-465823.71,Até o 2º Quadrimestre
2025,municipio,1100502,Prefeitura Municipal de Novo Horizonte do Oeste - RO,RECEITA CORRENTE LÍQUIDA,40283623.03,Até o 2º Quadrimestre
2025,municipio,1100502,Prefeitura Municipal de Novo Horizonte do Oeste - RO,RECEITA CORRENTE LÍQUIDA AJUSTADA PARA CÁLCULO DOS LIMITES DE ENDIVIDAMENTO,39390135.03,Até o 2º Quadrimestre
2025,municipio,1100502,Prefeitura Municipal de Novo Horizonte do Oeste - RO,% da DC sobre a RCL AJUSTADA (I/VI),10.37,Até o 2º Quadrimestre
2025,municipio,1100502,Prefeitura Municipal de Novo Horizonte do Oeste - RO,% da DCL sobre a RCL AJUSTADA,11.55,Até o 2º Quadrimestre
2025,municipio,1101302,Prefeitura Municipal de Mirante da Serra - RO,DÍVIDA CONSOLIDADA,1303640.32,Até o 1º Semestre
2025,municipio,1101302,Prefeitura Municipal de Mirante da Serra - RO,Disponibilidade de Caixa,17619787.61,Até o 1º Semestre
2025,municipio,1101302,Prefeitura Municipal de Mirante da Serra - RO,Disponibilidade de Caixa Bruta,18466828.05,Até o 1º Semestre
2025,municipio,1101302,Prefeitura Municipal de Mirante da Serra - RO,RECEITA CORRENTE LÍQUIDA,53917903.78,Até o 1º Semestre
2025,municipio,1101302,Prefeitura Municipal de Mirante da Serra - RO,% da DC sobre a RCL AJUSTADA (I/VI),2.45,Até o 1º Semestre
2025,municipio,1101302,Prefeitura Municipal de Mirante da Serra - RO,% da DCL sobre a RCL AJUSTADA,-30.64,Até o 1º Semestre
2025,municipio,1101302,Prefeitura Municipal de Mirante da Serra - RO,Precatórios (Não incluídos na DC),536189.86,Até o 1º Semestre
2025,municipio,1100189,Prefeitura Municipal de Pimenta Bueno - RO,DÍVIDA CONSOLIDADA,6598379.69,Até o 2º Quadrimestre
2025,municipio,1100189,Prefeitura Municipal de Pimenta Bueno - RO,Precatórios (inclusive) Vencidos e Não Pagos,2191944.29,Até o 2º Quadrimestre
2025,municipio,1100189,Prefeitura Municipal de Pimenta Bueno - RO,Disponibilidade de Caixa,47832601.22,Até o 2º Quadrimestre
2025,municipio,1100189,Prefeitura Municipal de Pimenta Bueno - RO,Disponibilidade de Caixa Bruta,48512409.11,Até o 2º Quadrimestre
2025,municipio,1100189,Prefeitura Municipal de Pimenta Bueno - RO,RECEITA CORRENTE LÍQUIDA,210485970.66,Até o 2º Quadrimestre
2025,municipio,1100189,Prefeitura Municipal de Pimenta Bueno - RO,RECEITA CORRENTE LÍQUIDA AJUSTADA PARA CÁLCULO DOS LIMITES DE ENDIVIDAMENTO,210485970.66,Até o 2º Quadrimestre
2025,municipio,1100189,Prefeitura Municipal de Pimenta Bueno - RO,% da DC sobre a RCL AJUSTADA (I/VI),3.13,Até o 2º Quadrimestre
2025,municipio,1100189,Prefeitura Municipal de Pimenta Bueno - RO,% da DCL sobre a RCL AJUSTADA,-19.74,Até o 2º Quadrimestre
2025,municipio,1100189,Prefeitura Municipal de Pimenta Bueno - RO,Precatórios (Não incluídos na DC),2105387.51,Até o 2º Quadrimestre
2025,municipio,1101401,Prefeitura Municipal de Monte Negro - RO,DÍVIDA CONSOLIDADA,6586798.68,Até o 1º Semestre
2025,municipio,1101401,Prefeitura Municipal de Monte Negro - RO,Disponibilidade de Caixa,33560764.47,Até o 1º Semestre
2025,municipio,1101401,Prefeitura Municipal de Monte Negro - RO,Disponibilidade de Caixa Bruta,33970772.62,Até o 1º Semestre
2025,municipio,1101401,Prefeitura Municipal de Monte Negro - RO,RECEITA CORRENTE LÍQUIDA,100497137.91,Até o 1º Semestre
2025,municipio,1101401,Prefeitura Municipal de Monte Negro - RO,% da DC sobre a RCL AJUSTADA (I/VI),6.92,Até o 1º Semestre
2025,municipio,1101401,Prefeitura Municipal de Monte Negro - RO,% da DCL sobre a RCL AJUSTADA,-28.33,Até o 1º Semestre
2025,municipio,1101401,Prefeitura Municipal de Monte Negro - RO,Precatórios (Não incluídos na DC),1180288.61,Até o 1º Semestre
2025,municipio,1101435,Prefeitura Municipal de Nova União - RO,Disponibilidade de Caixa,27178935.09,Até o 1º Semestre
2025,municipio,1101435,Prefeitura Municipal de Nova União - RO,Disponibilidade de Caixa Bruta,27494150.03,Até o 1º Semestre
2025,municipio,1101435,Prefeitura Municipal de Nova União - RO,RECEITA CORRENTE LÍQUIDA,42753722.52,Até o 1º Semestre
2025,municipio,1101435,Prefeitura Municipal de Nova União - RO,% da DCL sobre a RCL AJUSTADA,-65.93,Até o 1º Semestre
2025,municipio,1101435,Prefeitura Municipal de Nova União - RO,Precatórios (Não incluídos na DC),106219.17,Até o 1º Semestre
2025,municipio,1100338,Prefeitura Municipal de Nova Mamoré - RO,DÍVIDA CONSOLIDADA,2805026.55,Até o 1º Semestre
2025,municipio,1100338,Prefeitura Municipal de Nova Mamoré - RO,Precatórios (inclusive) Vencidos e Não Pagos,77711.43,Até o 1º Semestre
2025,municipio,1100338,Prefeitura Municipal de Nova Mamoré - RO,Disponibilidade de Caixa,55405045.71,Até o 1º Semestre
2025,municipio,1100338,Prefeitura Municipal de Nova Mamoré - RO,Disponibilidade de Caixa Bruta,56190211.51,Até o 1º Semestre
2025,municipio,1100338,Prefeitura Municipal de Nova Mamoré - RO,RECEITA CORRENTE LÍQUIDA,148556497.98,Até o 1º Semestre
2025,municipio,1100338,Prefeitura Municipal de Nova Mamoré - RO,% da DC sobre a RCL AJUSTADA (I/VI),1.89,Até o 1º Semestre
2025,municipio,1100338,Prefeitura Municipal de Nova Mamoré - RO,% da DCL sobre a RCL AJUSTADA,-35.43,Até o 1º Semestre
2025,municipio,1100338,Prefeitura Municipal de Nova Mamoré - RO,Precatórios (Não incluídos na DC),392900.02,Até o 1º Semestre
2025,municipio,1100205,Prefeitura Municipal de Porto Velho - RO,DÍVIDA CONSOLIDADA,726307701.24,Até o 2º Quadrimestre
2025,municipio,1100205,Prefeitura Municipal de Porto Velho - RO,Precatórios (inclusive) Vencidos e Não Pagos,311710112.3,Até o 2º Quadrimestre
2025,municipio,1100205,Prefeitura Municipal de Porto Velho - RO,Disponibilidade de Caixa,739698287.1,Até o 2º Quadrimestre
2025,municipio,1100205,Prefeitura Municipal de Porto Velho - RO,Disponibilidade de Caixa Bruta,749364378.8,Até o 2º Quadrimestre
2025,municipio,1100205,Prefeitura Municipal de Porto Velho - RO,RECEITA CORRENTE LÍQUIDA,2367514878.22,Até o 2º Quadrimestre
2025,municipio,1100205,Prefeitura Municipal de Porto Velho - RO,RECEITA CORRENTE LÍQUIDA AJUSTADA PARA CÁLCULO DOS LIMITES DE ENDIVIDAMENTO,2356609899.67,Até o 2º Quadrimestre
2025,municipio,1100205,Prefeitura Municipal de Porto Velho - RO,% da DC sobre a RCL AJUSTADA (I/VI),30.82,Até o 2º Quadrimestre
2025,municipio,1100205,Prefeitura Municipal de Porto Velho - RO,% da DCL sobre a RCL AJUSTADA,-11.01,Até o 2º Quadrimestre
2025,municipio,1100205,Prefeitura Municipal de Porto Velho - RO,Precatórios (Não incluídos na DC),56643024.57,Até o 2º Quadrimestre
2025,municipio,1101450,Prefeitura Municipal de Parecis - RO,DÍVIDA CONSOLIDADA,520698.21,Até o 1º Semestre
2025,municipio,1101450,Prefeitura Municipal de Parecis - RO,Disponibilidade de Caixa,20238589.43,Até o 1º Semestre
2025,municipio,1101450,Prefeitura Municipal de Parecis - RO,Disponibilidade de Caixa Bruta,20560844.61,Até o 1º Semestre
2025,municipio,1101450,Prefeitura Municipal de Parecis - RO,RECEITA CORRENTE LÍQUIDA,42628553.75,Até o 1º Semestre
2025,municipio,1101450,Prefeitura Municipal de Parecis - RO,% da DC sobre a RCL AJUSTADA (I/VI),1.23,Até o 1º Semestre
2025,municipio,1101450,Prefeitura Municipal de Parecis - RO,% da DCL sobre a RCL AJUSTADA,-46.58,Até o 1º Semestre
2025,municipio,1101450,Prefeitura Municipal de Parecis - RO,Precatórios (Não incluídos na DC),64099.66,Até o 1º Semestre
2025,municipio,1101468,Prefeitura Municipal de Pimenteiras do Oeste - RO,Disponibilidade de Caixa,5447177.67,Até o 1º Semestre
2025,municipio,1101468,Prefeitura Municipal de Pimenteiras do Oeste - RO,Disponibilidade de Caixa Bruta,5611945.67,Até o 1º Semestre
2025,municipio,1101468,Prefeitura Municipal de Pimenteiras do Oeste - RO,RECEITA CORRENTE LÍQUIDA,42782837.02,Até o 1º Semestre
2025,municipio,1101468,Prefeitura Municipal de Pimenteiras do Oeste - RO,% da DCL sobre a RCL AJUSTADA,-12.73,Até o 1º Semestre
2025,municipio,1101468,Prefeitura Municipal de Pimenteiras do Oeste - RO,Precatórios (Não incluídos na DC),40049.09,Até o 1º Semestre
2025,municipio,1100288,Prefeitura Municipal de Rolim de Moura - RO,DÍVIDA CONSOLIDADA,7073868.55,Até o 2º Quadrimestre
2025,municipio,1100288,Prefeitura Municipal de Rolim de Moura - RO,Precatórios (inclusive) Vencidos e Não Pagos,5036984.57,Até o 2º Quadrimestre
2025,municipio,1100288,Prefeitura Municipal de Rolim de Moura - RO,Disponibilidade de Caixa,73318778.08,Até o 2º Quadrimestre
2025,municipio,1100288,Prefeitura Municipal de Rolim de Moura - RO,Disponibilidade de Caixa Bruta,83873972.13,Até o 2º Quadrimestre
2025,municipio,1100288,Prefeitura Municipal de Rolim de Moura - RO,RECEITA CORRENTE LÍQUIDA,275347411.69,Até o 2º Quadrimestre
2025,municipio,1100288,Prefeitura Municipal de Rolim de Moura - RO,RECEITA CORRENTE LÍQUIDA AJUSTADA PARA CÁLCULO DOS LIMITES DE ENDIVIDAMENTO,275347411.69,Até o 2º Quadrimestre
2025,municipio,1100288,Prefeitura Municipal de Rolim de Moura - RO,% da DC sobre a RCL AJUSTADA (I/VI),2.57,Até o 2º Quadrimestre
2025,municipio,1100288,Prefeitura Municipal de Rolim de Moura - RO,% da DCL sobre a RCL AJUSTADA,-24.06,Até o 2º Quadrimestre
2025,municipio,1100288,Prefeitura Municipal de Rolim de Moura - RO,Precatórios (Não incluídos na DC),178597.16,Até o 2º Quadrimestre
2025,municipio,1101476,Prefeitura Municipal de Primavera de Rondônia - RO,DÍVIDA CONSOLIDADA,66887.33,Até o 1º Semestre
2025,municipio,1101476,Prefeitura Municipal de Primavera de Rondônia - RO,Disponibilidade de Caixa,9905700.39,Até o 1º Semestre
2025,municipio,1101476,Prefeitura Municipal de Primavera de Rondônia - RO,Disponibilidade de Caixa Bruta,10934604.65,Até o 1º Semestre
2025,municipio,1101476,Prefeitura Municipal de Primavera de Rondônia - RO,RECEITA CORRENTE LÍQUIDA,34921118.97,Até o 1º Semestre
2025,municipio,1101476,Prefeitura Municipal de Primavera de Rondônia - RO,% da DC sobre a RCL AJUSTADA (I/VI),0.19,Até o 1º Semestre
2025,municipio,1101476,Prefeitura Municipal de Primavera de Rondônia - RO,% da DCL sobre a RCL AJUSTADA,-29.47,Até o 1º Semestre
2025,municipio,1101476,Prefeitura Municipal de Primavera de Rondônia - RO,Precatórios (Não incluídos na DC),1339436.79,Até o 1º Semestre
2025,municipio,1100254,Prefeitura Municipal de Presidente Médici - RO,DÍVIDA CONSOLIDADA,9884989.72,Até o 1º Semestre
2025,municipio,1100254,Prefeitura Municipal de Presidente Médici - RO,Precatórios (inclusive) Vencidos e Não Pagos,5932919.23,Até o 1º Semestre
2025,municipio,1100254,Prefeitura Municipal de Presidente Médici - RO,Disponibilidade de Caixa,36011888.2,Até o 1º Semestre
2025,municipio,1100254,Prefeitura Municipal de Presidente Médici - RO,Disponibilidade de Caixa Bruta,37059616.92,Até o 1º Semestre
2025,municipio,1100254,Prefeitura Municipal de Presidente Médici - RO,RECEITA CORRENTE LÍQUIDA,94431313.82,Até o 1º Semestre
2025,municipio,1100254,Prefeitura Municipal de Presidente Médici - RO,% da DC sobre a RCL AJUSTADA (I/VI),10.85,Até o 1º Semestre
2025,municipio,1100254,Prefeitura Municipal de Presidente Médici - RO,% da DCL sobre a RCL AJUSTADA,-30.1,Até o 1º Semestre
2025,municipio,1100254,Prefeitura Municipal de Presidente Médici - RO,Precatórios (Não incluídos na DC),958196.11,Até o 1º Semestre
2025,municipio,1100262,Prefeitura Municipal de Rio Crespo - RO,DÍVIDA CONSOLIDADA,280184.66,Até o 1º Semestre
2025,municipio,1100262,Prefeitura Municipal de Rio Crespo - RO,Disponibilidade de Caixa,14906896.88,Até o 1º Semestre
2025,municipio,1100262,Prefeitura Municipal de Rio Crespo - RO,Disponibilidade de Caixa Bruta,15599570.61,Até o 1º Semestre
2025,municipio,1100262,Prefeitura Municipal de Rio Crespo - RO,RECEITA CORRENTE LÍQUIDA,45609126.93,Até o 1º Semestre
2025,municipio,1100262,Prefeitura Municipal de Rio Crespo - RO,% da DC sobre a RCL AJUSTADA (I/VI),0.62,Até o 1º Semestre
2025,municipio,1100262,Prefeitura Municipal de Rio Crespo - RO,% da DCL sobre a RCL AJUSTADA,-32.14,Até o 1º Semestre
2025,municipio,1100296,Prefeitura Municipal de Santa Luzia D'Oeste - RO,DÍVIDA CONSOLIDADA,7010307.36,Até o 1º Semestre
2025,municipio,1100296,Prefeitura Municipal de Santa Luzia D'Oeste - RO,Disponibilidade de Caixa,39188288.23,Até o 1º Semestre
2025,municipio,1100296,Prefeitura Municipal de Santa Luzia D'Oeste - RO,Disponibilidade de Caixa Bruta,39870656.01,Até o 1º Semestre
2025,municipio,1100296,Prefeitura Municipal de Santa Luzia D'Oeste - RO,RECEITA CORRENTE LÍQUIDA,58974065.88,Até o 1º Semestre
2025,municipio,1100296,Prefeitura Municipal de Santa Luzia D'Oeste - RO,% da DC sobre a RCL AJUSTADA (I/VI),11.97,Até o 1º Semestre
2025,municipio,1100296,Prefeitura Municipal de Santa Luzia D'Oeste - RO,% da DCL sobre a RCL AJUSTADA,-54.94,Até o 1º Semestre
2025,municipio,1101492,Prefeitura Municipal de São Francisco do Guaporé - RO,DÍVIDA CONSOLIDADA,4800416.5,Até o 1º Semestre
2025,municipio,1101492,Prefeitura Municipal de São Francisco do Guaporé - RO,Disponibilidade de Caixa,73105319.04,Até o 1º Semestre
2025,municipio,1101492,Prefeitura Municipal de São Francisco do Guaporé - RO,Disponibilidade de Caixa Bruta,73107020.24,Até o 1º Semestre
2025,municipio,1101492,Prefeitura Municipal de São Francisco do Guaporé - RO,RECEITA CORRENTE LÍQUIDA,116425591.58,Até o 1º Semestre
2025,municipio,1101492,Prefeitura Municipal de São Francisco do Guaporé - RO,% da DC sobre a RCL AJUSTADA (I/VI),4.12,Até o 1º Semestre
2025,municipio,1101492,Prefeitura Municipal de São Francisco do Guaporé - RO,% da DCL sobre a RCL AJUSTADA,-58.67,Até o 1º Semestre
2025,municipio,1101492,Prefeitura Municipal de São Francisco do Guaporé - RO,Precatórios (Não incluídos na DC),228216.8,Até o 1º Semestre
2025,municipio,1101484,Prefeitura Municipal de São Felipe D'Oeste - RO,DÍVIDA CONSOLIDADA,521919.1,Até o 1º Semestre
2025,municipio,1101484,Prefeitura Municipal de São Felipe D'Oeste - RO,Precatórios (inclusive) Vencidos e Não Pagos,161226.47,Até o 1º Semestre
2025,municipio,1101484,Prefeitura Municipal de São Felipe D'Oeste - RO,Disponibilidade de Caixa,20738539.67,Até o 1º Semestre
2025,municipio,1101484,Prefeitura Municipal de São Felipe D'Oeste - RO,Disponibilidade de Caixa Bruta,20859465.25,Até o 1º Semestre
2025,municipio,1101484,Prefeitura Municipal de São Felipe D'Oeste - RO,RECEITA CORRENTE LÍQUIDA,41617325.5,Até o 1º Semestre
2025,municipio,1101484,Prefeitura Municipal de São Felipe D'Oeste - RO,% da DC sobre a RCL AJUSTADA (I/VI),1.27,Até o 1º Semestre
2025,municipio,1101484,Prefeitura Municipal de São Felipe D'Oeste - RO,% da DCL sobre a RCL AJUSTADA,-49.19,Até o 1º Semestre
2025,municipio,1101609,Prefeitura Municipal de Theobroma - RO,DÍVIDA CONSOLIDADA,5983941.16,Até o 2º Quadrimestre
2025,municipio,1101609,Prefeitura Municipal de Theobroma - RO,Disponibilidade de Caixa,18231383.54,Até o 2º Quadrimestre
2025,municipio,1101609,Prefeitura Municipal de Theobroma - RO,Disponibilidade de Caixa Bruta,18398595.71,Até o 2º Quadrimestre
2025,municipio,1101609,Prefeitura Municipal de Theobroma - RO,RECEITA CORRENTE LÍQUIDA,56402986.12,Até o 2º Quadrimestre
2025,municipio,1101609,Prefeitura Municipal de Theobroma - RO,RECEITA CORRENTE LÍQUIDA AJUSTADA PARA CÁLCULO DOS LIMITES DE ENDIVIDAMENTO,56402986.12,Até o 2º Quadrimestre
2025,municipio,1101609,Prefeitura Municipal de Theobroma - RO,% da DC sobre a RCL AJUSTADA (I/VI),10.61,Até o 2º Quadrimestre
2025,municipio,1101609,Prefeitura Municipal de Theobroma - RO,% da DCL sobre a RCL AJUSTADA,-21.71,Até o 2º Quadrimestre
2025,municipio,1101559,Prefeitura Municipal de Teixeirópolis - RO,Disponibilidade de Caixa,12359431.91,Até o 2º Quadrimestre
2025,municipio,1101559,Prefeitura Municipal de Teixeirópolis - RO,Disponibilidade de Caixa Bruta,12432070.15,Até o 2º Quadrimestre
2025,municipio,1101559,Prefeitura Municipal de Teixeirópolis - RO,RECEITA CORRENTE LÍQUIDA,28792521.51,Até o 2º Quadrimestre
2025,municipio,1101559,Prefeitura Municipal de Teixeirópolis - RO,RECEITA CORRENTE LÍQUIDA AJUSTADA PARA CÁLCULO DOS LIMITES DE ENDIVIDAMENTO,28792521.51,Até o 2º Quadrimestre
2025,municipio,1101559,Prefeitura Municipal de Teixeirópolis - RO,% da DCL sobre a RCL AJUSTADA,-42.93,Até o 2º Quadrimestre
2025,municipio,1100320,Prefeitura Municipal de São Miguel do Guaporé - RO,DÍVIDA CONSOLIDADA,754434.72,Até o 1º Semestre
2025,municipio,1100320,Prefeitura Municipal de São Miguel do Guaporé - RO,Disponibilidade de Caixa,27791291.01,Até o 1º Semestre
2025,municipio,1100320,Prefeitura Municipal de São Miguel do Guaporé - RO,Disponibilidade de Caixa Bruta,29191076.36,Até o 1º Semestre
2025,municipio,1100320,Prefeitura Municipal de São Miguel do Guaporé - RO,RECEITA CORRENTE LÍQUIDA,122358793.7,Até o 1º Semestre
2025,municipio,1100320,Prefeitura Municipal de São Miguel do Guaporé - RO,% da DC sobre a RCL AJUSTADA (I/VI),0.63,Até o 1º Semestre
2025,municipio,1100320,Prefeitura Municipal de São Miguel do Guaporé - RO,% da DCL sobre a RCL AJUSTADA,-22.65,Até o 1º Semestre
2025,municipio,1101757,Prefeitura Municipal de Vale do Anari - RO,DÍVIDA CONSOLIDADA,10505098.94,Até o 2º Quadrimestre
2025,municipio,1101757,Prefeitura Municipal de Vale do Anari - RO,Precatórios (inclusive) Vencidos e Não Pagos,177425.64,Até o 2º Quadrimestre
2025,municipio,1101757,Prefeitura Municipal de Vale do Anari - RO,Disponibilidade de Caixa,13880440.12,Até o 2º Quadrimestre
2025,municipio,1101757,Prefeitura Municipal de Vale do Anari - RO,Disponibilidade de Caixa Bruta,14680476.39,Até o 2º Quadrimestre
2025,municipio,1101757,Prefeitura Municipal de Vale do Anari - RO,RECEITA CORRENTE LÍQUIDA,46826529.41,Até o 2º Quadrimestre
2025,municipio,1101757,Prefeitura Municipal de Vale do Anari - RO,RECEITA CORRENTE LÍQUIDA AJUSTADA PARA CÁLCULO DOS LIMITES DE ENDIVIDAMENTO,46726529.41,Até o 2º Quadrimestre
2025,municipio,1101757,Prefeitura Municipal de Vale do Anari - RO,% da DC sobre a RCL AJUSTADA (I/VI),22.48,Até o 2º Quadrimestre
2025,municipio,1101757,Prefeitura Municipal de Vale do Anari - RO,% da DCL sobre a RCL AJUSTADA,-7.22,Até o 2º Quadrimestre
2025,municipio,1101807,Prefeitura Municipal de Vale do Paraíso - RO,DÍVIDA CONSOLIDADA,2401018.95,Até o 2º Quadrimestre
2025,municipio,1101807,Prefeitura Municipal de Vale do Paraíso - RO,Disponibilidade de Caixa,20152710.9,Até o 2º Quadrimestre
2025,municipio,1101807,Prefeitura Municipal de Vale do Paraíso - RO,Disponibilidade de Caixa Bruta,20291410.43,Até o 2º Quadrimestre
2025,municipio,1101807,Prefeitura Municipal de Vale do Paraíso - RO,RECEITA CORRENTE LÍQUIDA,48190300.37,Até o 2º Quadrimestre
2025,municipio,1101807,Prefeitura Municipal de Vale do Paraíso - RO,RECEITA CORRENTE LÍQUIDA AJUSTADA PARA CÁLCULO DOS LIMITES DE ENDIVIDAMENTO,44272300.37,Até o 2º Quadrimestre
2025,municipio,1101807,Prefeitura Municipal de Vale do Paraíso - RO,% da DC sobre a RCL AJUSTADA (I/VI),5.42,Até o 2º Quadrimestre
2025,municipio,1101807,Prefeitura Municipal de Vale do Paraíso - RO,% da DCL sobre a RCL AJUSTADA,-40.1,Até o 2º Quadrimestre
2025,municipio,1101807,Prefeitura Municipal de Vale do Paraíso - RO,Precatórios (Não incluídos na DC),54468.03,Até o 2º Quadrimestre
2025,municipio,1100304,Prefeitura Municipal de Vilhena - RO,DÍVIDA CONSOLIDADA,108910426.5,Até o 2º Quadrimestre
2025,municipio,1100304,Prefeitura Municipal de Vilhena - RO,Precatórios (inclusive) Vencidos e Não Pagos,33144588.29,Até o 2º Quadrimestre
2025,municipio,1100304,Prefeitura Municipal de Vilhena - RO,Disponibilidade de Caixa,216394620.24,Até o 2º Quadrimestre
2025,municipio,1100304,Prefeitura Municipal de Vilhena - RO,Disponibilidade de Caixa Bruta,219415059.52,Até o 2º Quadrimestre
2025,municipio,1100304,Prefeitura Municipal de Vilhena - RO,RECEITA CORRENTE LÍQUIDA,623492128.3,Até o 2º Quadrimestre
2025,municipio,1100304,Prefeitura Municipal de Vilhena - RO,RECEITA CORRENTE LÍQUIDA AJUSTADA PARA CÁLCULO DOS LIMITES DE ENDIVIDAMENTO,607944703.3,Até o 2º Quadrimestre
2025,municipio,1100304,Prefeitura Municipal de Vilhena - RO,% da DC sobre a RCL AJUSTADA (I/VI),17.91,Até o 2º Quadrimestre
2025,municipio,1100304,Prefeitura Municipal de Vilhena - RO,% da DCL sobre a RCL AJUSTADA,-17.78,Até o 2º Quadrimestre
2025,municipio,1100304,Prefeitura Municipal de Vilhena - RO,Precatórios (Não incluídos na DC),33144588.29,Até o 2º Quadrimestre
2025,municipio,1101500,Prefeitura Municipal de Seringueiras - RO,DÍVIDA CONSOLIDADA,626566.1,Até o 1º Semestre
2025,municipio,1101500,Prefeitura Municipal de Seringueiras - RO,Precatórios (inclusive) Vencidos e Não Pagos,109402.34,Até o 1º Semestre
2025,municipio,1101500,Prefeitura Municipal de Seringueiras - RO,Disponibilidade de Caixa,27180195.01,Até o 1º Semestre
2025,municipio,1101500,Prefeitura Municipal de Seringueiras - RO,Disponibilidade de Caixa Bruta,27913476.38,Até o 1º Semestre
2025,municipio,1101500,Prefeitura Municipal de Seringueiras - RO,RECEITA CORRENTE LÍQUIDA,71643229.03,Até o 1º Semestre
2025,municipio,1101500,Prefeitura Municipal de Seringueiras - RO,% da DC sobre a RCL AJUSTADA (I/VI),0.88,Até o 1º Semestre
2025,municipio,1101500,Prefeitura Municipal de Seringueiras - RO,% da DCL sobre a RCL AJUSTADA,-37.15,Até o 1º Semestre
2025,municipio,1101708,Prefeitura Municipal de Urupá - RO,DÍVIDA CONSOLIDADA,6657676.77,Até o 1º Semestre
2025,municipio,1101708,Prefeitura Municipal de Urupá - RO,Precatórios (inclusive) Vencidos e Não Pagos,5172.3,Até o 1º Semestre
2025,municipio,1101708,Prefeitura Municipal de Urupá - RO,Disponibilidade de Caixa,24820390.07,Até o 1º Semestre
2025,municipio,1101708,Prefeitura Municipal de Urupá - RO,Disponibilidade de Caixa Bruta,25655641.3,Até o 1º Semestre
2025,municipio,1101708,Prefeitura Municipal de Urupá - RO,RECEITA CORRENTE LÍQUIDA,84559058.96,Até o 1º Semestre
2025,municipio,1101708,Prefeitura Municipal de Urupá - RO,% da DC sobre a RCL AJUSTADA (I/VI),8.83,Até o 1º Semestre
2025,municipio,1101708,Prefeitura Municipal de Urupá - RO,% da DCL sobre a RCL AJUSTADA,-24.15,Até o 1º Semestre
2025,municipio,1101708,Prefeitura Municipal de Urupá - RO,Precatórios (Não incluídos na DC),48754.29,Até o 1º Semestre
